id,first_name,last_name,email,gender,height,weight,medical_id,hospital_address,patient_blockchain_address
1,Wenona,Pendre,wpendre0@a8.net,Female,59.36,226.35,84,d216c3221b2503105fb2e26fcdf9398e803cf0a1b2f63ea406a0844dbeae98dc,ca1af2507b7faa70e625fda10bc84ad2a9485b1345fb77a4ace9adc80cb4995e
2,Roseanna,Patmore,rpatmore1@yahoo.co.jp,Female,67.88,149.78,67,d216c3221b2503105fb2e26fcdf9398e803cf0a1b2f63ea406a0844dbeae98dc,e1ebe91ced1644fb0f9d785e69dbdc942bac0cf33fd18563256953c17144f4fd
3,Mimi,Limmer,mlimmer2@angelfire.com,Female,68.76,109.69,3,d216c3221b2503105fb2e26fcdf9398e803cf0a1b2f63ea406a0844dbeae98dc,b3e6d1b5844b9b48a93fac2656926467a23fee54a886c48201492e254cf1637b
4,Ferdy,MacAllan,fmacallan3@hao123.com,Male,63.62,216.39,186,d216c3221b2503105fb2e26fcdf9398e803cf0a1b2f63ea406a0844dbeae98dc,213f6a2e683297aca17cd0d168a5084bcbaa9580661e1984b7e83d6a3bed4857
5,Alvinia,Helleker,ahelleker4@jimdo.com,Female,63.14,140.83,198,d216c3221b2503105fb2e26fcdf9398e803cf0a1b2f63ea406a0844dbeae98dc,07c26eb552f5daca146455a7f37f4e3157b8bf59401d13f0146573c599e55181
6,Hasty,Bentke,hbentke5@yelp.com,Male,76.44,274.87,179,d216c3221b2503105fb2e26fcdf9398e803cf0a1b2f63ea406a0844dbeae98dc,4aeed0ffd0e82635f46a5ec3309cf00386d51b80185760ba4371fdd01604a2a6
7,Rodie,Eyden,reyden6@deviantart.com,Female,73.0,133.26,12,d216c3221b2503105fb2e26fcdf9398e803cf0a1b2f63ea406a0844dbeae98dc,10182c6c3915e77f5c61d2b091abb9a924a391ef932ae1be78de848fd238e1a5
8,Hunt,Passler,hpassler7@dot.gov,Male,63.08,270.0,42,d216c3221b2503105fb2e26fcdf9398e803cf0a1b2f63ea406a0844dbeae98dc,d591a8a500053a8d31d10adf520139cc6752361a5579a8b379b215fa199e4965
9,Beck,Minget,bminget8@dion.ne.jp,Male,72.23,235.4,20,d216c3221b2503105fb2e26fcdf9398e803cf0a1b2f63ea406a0844dbeae98dc,91fc6db7635c7afff2972006ea88ef1ba2f858b8e298749fd2608d6516ac446d
10,Mose,Tims,mtims9@delicious.com,Male,59.35,155.33,34,d216c3221b2503105fb2e26fcdf9398e803cf0a1b2f63ea406a0844dbeae98dc,9755645eba3d037a4a6790e4903eeec2dab2a9b04c7028d6c2b091446196d6f3
11,Wendel,Spat,wspata@reuters.com,Genderfluid,62.93,256.12,95,d216c3221b2503105fb2e26fcdf9398e803cf0a1b2f63ea406a0844dbeae98dc,7dd650432542c641fae2a203c5320961f4c429fa3faad9caa8bf240cf5b61eae
12,Ferris,Wickman,fwickmanb@spotify.com,Male,71.64,241.01,157,d216c3221b2503105fb2e26fcdf9398e803cf0a1b2f63ea406a0844dbeae98dc,e973888c5e10de22f43d76752f3535b367dea3fa1dfd91b2f3b8d90ed19b01b9
13,Jeffy,Cinnamond,jcinnamondc@time.com,Male,71.99,143.08,67,d216c3221b2503105fb2e26fcdf9398e803cf0a1b2f63ea406a0844dbeae98dc,38a6e2e7118dfda7cba3be9f7fab37e3f62df37d94db75fe5d028500eac0a3f9
14,Emmi,Slayford,eslayfordd@state.tx.us,Female,62.18,294.86,102,d216c3221b2503105fb2e26fcdf9398e803cf0a1b2f63ea406a0844dbeae98dc,ff2895dfe9928d65de7f5b320f66b5f79aa1c4be6081b76f65ab9c5548175077
15,Barton,Stapleford,bstapleforde@cisco.com,Male,58.38,129.34,49,d216c3221b2503105fb2e26fcdf9398e803cf0a1b2f63ea406a0844dbeae98dc,21903747e3b7b6ae32759e91e03de7bf92326d9b8d6aecfad9594b27cf77d3a7
16,Forbes,Eastridge,feastridgef@japanpost.jp,Male,61.14,246.53,5,d216c3221b2503105fb2e26fcdf9398e803cf0a1b2f63ea406a0844dbeae98dc,64a274eebf95d3b12684169764eca1f1bdde777437bceb95956fe764ee1cf341
17,Damara,Spikings,dspikingsg@whitehouse.gov,Female,75.11,246.07,177,d216c3221b2503105fb2e26fcdf9398e803cf0a1b2f63ea406a0844dbeae98dc,c6cde1f7057ac7fb3f1bc3fe68cdef4180114a4cf0f1b703f5e0b0d69f43d9da
18,Rudyard,Lannen,rlannenh@statcounter.com,Male,61.98,216.14,1,d216c3221b2503105fb2e26fcdf9398e803cf0a1b2f63ea406a0844dbeae98dc,380b34d03be949a8afd88162b45153036249ce3857945cc9eb10db67fd3ab96c
19,Moritz,Bines,mbinesi@vk.com,Male,61.42,231.03,169,d216c3221b2503105fb2e26fcdf9398e803cf0a1b2f63ea406a0844dbeae98dc,b0e59684f1e4af959ee0a085759c2f4166bcb0361cb9d98241250efe26efe74d
20,Dido,Timmons,dtimmonsj@accuweather.com,Female,61.37,198.12,85,d216c3221b2503105fb2e26fcdf9398e803cf0a1b2f63ea406a0844dbeae98dc,6edb8dfef8de878ee7074d7a26fe35de31d5672cf3f0b25aefa3ef21b8baece5
21,Ermin,Feehery,efeeheryk@globo.com,Male,60.49,115.1,178,d216c3221b2503105fb2e26fcdf9398e803cf0a1b2f63ea406a0844dbeae98dc,74f2faafb0916843a6f33a48bf9a91084146096689bd175f9519bcb84ed21973
22,Roberta,Peres,rperesl@wp.com,Female,61.88,231.91,42,d216c3221b2503105fb2e26fcdf9398e803cf0a1b2f63ea406a0844dbeae98dc,d1e6cde86a061463b26c9280d44094fe28538eb5ba06894753a0cbb3717c61b2
23,Laurene,Pittem,lpittemm@rambler.ru,Female,74.83,101.6,183,d216c3221b2503105fb2e26fcdf9398e803cf0a1b2f63ea406a0844dbeae98dc,0e36c80e622607348e17908c2bb2dc0f8a7694113fe8335ec6c59c15625b9f93
24,Debby,Breslane,dbreslanen@live.com,Female,60.35,91.41,154,d216c3221b2503105fb2e26fcdf9398e803cf0a1b2f63ea406a0844dbeae98dc,79cb0620f753f684fea5492a3e8054979e24d48d016df7293246407da6249548
25,Cassandry,Deny,cdenyo@google.ca,Polygender,57.23,116.87,55,d216c3221b2503105fb2e26fcdf9398e803cf0a1b2f63ea406a0844dbeae98dc,12e8ff39b8f1e293219aa5af0d8a7589713c35ab7d7423f26b033562b216c1a1
26,Vern,Proudley,vproudleyp@ebay.com,Male,60.59,96.59,100,d216c3221b2503105fb2e26fcdf9398e803cf0a1b2f63ea406a0844dbeae98dc,b2a9f856353d7b4ee3f263dedac4ae9ec07ed17078760661135d69ab7f103e3c
27,Lucie,Worsam,lworsamq@gravatar.com,Female,65.67,227.33,54,d216c3221b2503105fb2e26fcdf9398e803cf0a1b2f63ea406a0844dbeae98dc,989131d2ef6e7785f7c84236aa1712683924b2e1a96eb3a6d42142009e109cfa
28,Janine,Chatin,jchatinr@booking.com,Female,69.06,203.1,184,d216c3221b2503105fb2e26fcdf9398e803cf0a1b2f63ea406a0844dbeae98dc,34e565f2e9baaac865063e414cd5ef12cfe75b4e58af3f70e87a651b27ba5e38
29,Cinderella,Lampitt,clampitts@census.gov,Female,66.58,137.29,184,d216c3221b2503105fb2e26fcdf9398e803cf0a1b2f63ea406a0844dbeae98dc,19d7dd772978af4e373a306965349e0f615e4e621c74e37b99284273cc9300ee
30,Herbie,Pettiford,hpettifordt@storify.com,Male,68.71,90.66,159,d216c3221b2503105fb2e26fcdf9398e803cf0a1b2f63ea406a0844dbeae98dc,9f0e9739e062443f1e72503c306f03b741f5f1420dc5cbc71d8289764b0cae58
31,Nerty,Hastwell,nhastwellu@histats.com,Female,60.63,238.97,29,d216c3221b2503105fb2e26fcdf9398e803cf0a1b2f63ea406a0844dbeae98dc,3690f24190bff2b77ec94427cccb480041844a86958ec14d9eee196dada36e1d
32,Sheri,Cutmare,scutmarev@ocn.ne.jp,Female,61.35,281.61,38,d216c3221b2503105fb2e26fcdf9398e803cf0a1b2f63ea406a0844dbeae98dc,60b461420820d42dd6c19e5cdcc222b969b9956065a7f52bd7aeec4c44b314c7
33,Saxe,Duckworth,sduckworthw@sakura.ne.jp,Male,60.97,86.26,24,d216c3221b2503105fb2e26fcdf9398e803cf0a1b2f63ea406a0844dbeae98dc,f7ceb7a8f01a242d733dbb04bd9fb78ff5a281b2e4f58e5e2d3dbe06a693186c
34,Ban,Raymont,braymontx@theglobeandmail.com,Male,64.0,127.0,49,d216c3221b2503105fb2e26fcdf9398e803cf0a1b2f63ea406a0844dbeae98dc,32b5627bed3300b34f2e06f7d4385e42a39364aab6f4d4e5653a0d9f32d9ea4e
35,Kennan,Turbitt,kturbitty@bravesites.com,Male,57.7,296.22,15,d216c3221b2503105fb2e26fcdf9398e803cf0a1b2f63ea406a0844dbeae98dc,041d74a93d4248c8ac921222d26223a24b5794f4cd02074d5ff34ca95b92d39c
36,Corney,Berzons,cberzonsz@booking.com,Male,74.08,104.63,10,d216c3221b2503105fb2e26fcdf9398e803cf0a1b2f63ea406a0844dbeae98dc,dfeeb82aa3a4ab5ac60bf9d10cdf9ef589886805c149534c91b23293782deb52
37,Karrie,Crewdson,kcrewdson10@amazonaws.com,Female,63.6,156.16,158,d216c3221b2503105fb2e26fcdf9398e803cf0a1b2f63ea406a0844dbeae98dc,c5fbd329bb0be4ebd355d9e250480e0e4d2edc5ec1d1d2052cf7734b3c178b2f
38,Janice,Coast,jcoast11@howstuffworks.com,Female,70.55,236.98,52,d216c3221b2503105fb2e26fcdf9398e803cf0a1b2f63ea406a0844dbeae98dc,a6c0e528548ae3ff571ffc447c2d852b1510f0b8619aa19df34844007fd78521
39,Paddy,Sulter,psulter12@shutterfly.com,Male,76.96,200.9,124,d216c3221b2503105fb2e26fcdf9398e803cf0a1b2f63ea406a0844dbeae98dc,411f66af40a5e6c894bcac5a6de012b0d343e0865824131726f79923f2859771
40,Vanya,Jinkin,vjinkin13@independent.co.uk,Female,69.65,257.29,8,d216c3221b2503105fb2e26fcdf9398e803cf0a1b2f63ea406a0844dbeae98dc,66e7a18aa59bf4e8138b6109890d0da07c9ef93b0a739cf0633553b1d309f58b
41,Kirk,Bignold,kbignold14@reuters.com,Male,69.76,219.74,125,d216c3221b2503105fb2e26fcdf9398e803cf0a1b2f63ea406a0844dbeae98dc,4fd12667ee41498d37329f2c619db49b2e28314422268975747b86dd7f914e49
42,Xaviera,Pfeiffer,xpfeiffer15@reverbnation.com,Polygender,66.76,204.44,120,d216c3221b2503105fb2e26fcdf9398e803cf0a1b2f63ea406a0844dbeae98dc,3587b13d2562c8fced296c1af3125f954fea5fd1277db87139c4916baaa92105
43,Berti,Charnick,bcharnick16@amazon.de,Male,63.57,281.0,152,d216c3221b2503105fb2e26fcdf9398e803cf0a1b2f63ea406a0844dbeae98dc,9948e88ef2e9dddff5a3725bd778fd16fa1da7afb261fee77abb7b28517ece02
44,Melisandra,Cossum,mcossum17@newyorker.com,Female,65.3,140.45,154,d216c3221b2503105fb2e26fcdf9398e803cf0a1b2f63ea406a0844dbeae98dc,0866b52b0f14d2bae1702112c10226425e0ea0a63ae51f062e399590903dc7a0
45,Putnam,Fripp,pfripp18@hexun.com,Male,59.56,93.47,48,d216c3221b2503105fb2e26fcdf9398e803cf0a1b2f63ea406a0844dbeae98dc,8d69c63a8b55e8e3a761c3cc34da8dd78c0751870e5650942333ff9c71f3bfc8
46,Jessica,Peasee,jpeasee19@wufoo.com,Female,58.93,167.38,99,d216c3221b2503105fb2e26fcdf9398e803cf0a1b2f63ea406a0844dbeae98dc,ea6c8791456f71a7f81de085da0fa6f06352dfffcd67d4841314f600c13fe437
47,Temple,Winwood,twinwood1a@pcworld.com,Male,71.22,208.04,19,d216c3221b2503105fb2e26fcdf9398e803cf0a1b2f63ea406a0844dbeae98dc,631aa559fdfb7d07951aaa1979882773ed3000d3c601d7ffe527ce359d97fb97
48,Leia,Edmott,ledmott1b@shutterfly.com,Female,76.51,101.81,41,d216c3221b2503105fb2e26fcdf9398e803cf0a1b2f63ea406a0844dbeae98dc,20e99fbc4664e0362877925ed85e37295393279638f9263a73afe708842206cc
49,Leena,Riceards,lriceards1c@unesco.org,Female,74.65,256.7,144,d216c3221b2503105fb2e26fcdf9398e803cf0a1b2f63ea406a0844dbeae98dc,761965cc20a6d6902016cbcb73156390c5219f3e52ef4b50d494be3a5422c4fc
50,Adelice,Hurll,ahurll1d@chronoengine.com,Female,72.18,163.09,82,d216c3221b2503105fb2e26fcdf9398e803cf0a1b2f63ea406a0844dbeae98dc,fd88d6358a7dc79b2e32bdfba69663900bb0f812741e64b3e45734fc0aeb9400
51,Pinchas,Luc,pluc1e@xrea.com,Male,69.75,236.42,181,d216c3221b2503105fb2e26fcdf9398e803cf0a1b2f63ea406a0844dbeae98dc,9aeda7d47e49b2e9ebd7343667aa545d2d5bc33b132af25bd7d101d668d8d589
52,Chaim,Abramsky,cabramsky1f@wsj.com,Male,75.57,229.67,130,d216c3221b2503105fb2e26fcdf9398e803cf0a1b2f63ea406a0844dbeae98dc,f2a1b6b422764b97a001e6dfd5b9e735fef2f5eae125656b7bacd218417a69da
53,Cynthy,Swyne,cswyne1g@issuu.com,Female,65.47,105.6,54,d216c3221b2503105fb2e26fcdf9398e803cf0a1b2f63ea406a0844dbeae98dc,1b487090085f57c830ab8e2ec4c10d9962f4384d12a4fd89e155b2f8f1ee17bf
54,Agata,Mertgen,amertgen1h@mashable.com,Female,64.9,258.14,70,d216c3221b2503105fb2e26fcdf9398e803cf0a1b2f63ea406a0844dbeae98dc,0c98a418b5ade8ec89e953dd601a6220b245d845da5c04427955b57a580efdd6
55,Lisa,O' Flaherty,loflaherty1i@opera.com,Female,66.93,249.8,41,d216c3221b2503105fb2e26fcdf9398e803cf0a1b2f63ea406a0844dbeae98dc,2c668dabe18911f251a0ead1adda6b85bc0f429a63d66199bf0b65f7166f982c
56,Tricia,Dollard,tdollard1j@tripod.com,Female,67.74,276.94,87,d216c3221b2503105fb2e26fcdf9398e803cf0a1b2f63ea406a0844dbeae98dc,7b6839cb53d1605729ff102fb19c02b8a91285ed6af11f3d75f471d05a73aa28
57,Johann,Bess,jbess1k@squarespace.com,Male,69.79,152.46,8,d216c3221b2503105fb2e26fcdf9398e803cf0a1b2f63ea406a0844dbeae98dc,596b2de4549490c686b3d7d7c060aefe129c322504130e2dfeb1f40888a919cb
58,Erica,Simonaitis,esimonaitis1l@about.me,Female,75.68,279.9,142,d216c3221b2503105fb2e26fcdf9398e803cf0a1b2f63ea406a0844dbeae98dc,b78c89b1471ee06903c00f1792f5b69ed600d117ffaaaa738021cbb72c0d6a00
59,Craggy,Sambell,csambell1m@dedecms.com,Male,76.34,268.07,184,d216c3221b2503105fb2e26fcdf9398e803cf0a1b2f63ea406a0844dbeae98dc,778a9760c8ca707825164ff0546fc56b0ec50c0f27aab080fcc0e1ab944a5561
60,Morlee,Alloisi,malloisi1n@cornell.edu,Male,69.05,233.75,132,d216c3221b2503105fb2e26fcdf9398e803cf0a1b2f63ea406a0844dbeae98dc,bdd38e62c49bf0ab21cb66af20acd6d65404e0d1b949a52d53b980920c7682c5
61,Isadore,Kirrens,ikirrens1o@themeforest.net,Male,58.1,213.05,144,d216c3221b2503105fb2e26fcdf9398e803cf0a1b2f63ea406a0844dbeae98dc,8f408311020139243a6b3a49e3b93943e1ea82033b8a896b119c5b8557d7bd9a
62,Giovanni,Garmey,ggarmey1p@furl.net,Male,72.97,115.03,98,d216c3221b2503105fb2e26fcdf9398e803cf0a1b2f63ea406a0844dbeae98dc,5d233ab72638a98e94fac5e791dc180e4d942afd3e20dc6e45231fca6a9328bd
63,Stan,Kalkhoven,skalkhoven1q@unesco.org,Male,74.07,121.84,47,d216c3221b2503105fb2e26fcdf9398e803cf0a1b2f63ea406a0844dbeae98dc,57b3f8771164f0a650e1ef60f7a30386a205d9e7df13ae647d9204ab521d8fdb
64,Garald,Lissemore,glissemore1r@vkontakte.ru,Male,56.23,249.67,135,d216c3221b2503105fb2e26fcdf9398e803cf0a1b2f63ea406a0844dbeae98dc,80c484324622b4715886d9da1f9bcd3779fbb109e31486c0370300d7424710f7
65,Courtney,Haddrell,chaddrell1s@independent.co.uk,Male,75.8,266.16,8,d216c3221b2503105fb2e26fcdf9398e803cf0a1b2f63ea406a0844dbeae98dc,d5dd32d0bf4d4358a075d005a13ffd214cfc0f764071695a0de9235de783b4c7
66,Cullie,Kezor,ckezor1t@macromedia.com,Male,71.6,279.79,93,d216c3221b2503105fb2e26fcdf9398e803cf0a1b2f63ea406a0844dbeae98dc,91abaf962645941a13172db6f8e8eec89fcf503e2df2e3a0781c3abf1914f768
67,Drusie,Gregersen,dgregersen1u@miibeian.gov.cn,Female,64.6,107.81,77,d216c3221b2503105fb2e26fcdf9398e803cf0a1b2f63ea406a0844dbeae98dc,aaf36a83c93e2247a63b611bd8e4ddf08eda7620726fe877828d5c8235214f23
68,Drona,O'Donohue,dodonohue1v@pcworld.com,Female,59.22,225.89,133,d216c3221b2503105fb2e26fcdf9398e803cf0a1b2f63ea406a0844dbeae98dc,7679e42ddeae27b5c947f9514cb8ea9806ee128640b3080a4187b26d8d76cac0
69,Kare,De Biasi,kdebiasi1w@blogger.com,Female,64.54,223.76,103,d216c3221b2503105fb2e26fcdf9398e803cf0a1b2f63ea406a0844dbeae98dc,2e0a4efaf7c083eda404ef00767bc2843cde30f71555e1be10f4dff06ada4828
70,Marylinda,Brownlie,mbrownlie1x@amazon.co.uk,Female,65.59,259.33,155,d216c3221b2503105fb2e26fcdf9398e803cf0a1b2f63ea406a0844dbeae98dc,4b48ac3ba70c49ebc743d78238d33918609e4eba73b48815be25feaf5fadb9c4
71,Jewel,Gennerich,jgennerich1y@cbc.ca,Female,67.43,124.95,5,d216c3221b2503105fb2e26fcdf9398e803cf0a1b2f63ea406a0844dbeae98dc,72da149271a26383828d1dafbeba82b6e17f3d6d0274eb3f535703bc9ff1f836
72,Lodovico,Reolfi,lreolfi1z@disqus.com,Male,62.47,167.47,188,d216c3221b2503105fb2e26fcdf9398e803cf0a1b2f63ea406a0844dbeae98dc,bb1482c4899a144a0727370742842d09fa83516c806eb8cb4f7f7a6e58cc6def
73,Arliene,Fores,afores20@weather.com,Female,74.57,170.85,133,d216c3221b2503105fb2e26fcdf9398e803cf0a1b2f63ea406a0844dbeae98dc,81b76a7d4ea645aed8c46e3321f8d5020ce6b16aeeebdf9dfcb8be6a55042a0b
74,Amelina,Cranefield,acranefield21@imgur.com,Female,72.06,298.02,148,d216c3221b2503105fb2e26fcdf9398e803cf0a1b2f63ea406a0844dbeae98dc,56157a83427e3d787689d96975a2d3050831d39664a3677981585190336fdbc1
75,Fabian,Spilling,fspilling22@europa.eu,Polygender,62.04,137.38,13,d216c3221b2503105fb2e26fcdf9398e803cf0a1b2f63ea406a0844dbeae98dc,c0623ddde7ff777a1d1cb54440709d30607175358101eb6ec035cc104ab0fa5b
76,Grenville,Greensmith,ggreensmith23@newyorker.com,Male,76.77,122.11,54,d216c3221b2503105fb2e26fcdf9398e803cf0a1b2f63ea406a0844dbeae98dc,361c8673e479f441608f64023cf7c10cffa090be978af8a8add76f33efe210b5
77,Roobbie,Icom,ricom24@dmoz.org,Female,73.55,148.36,185,d216c3221b2503105fb2e26fcdf9398e803cf0a1b2f63ea406a0844dbeae98dc,820b9773ae1b12f953dc15e5ebf86c44a7059fcee13e78a02198edc19adb80cc
78,Sarah,Spearing,sspearing25@unicef.org,Female,63.83,227.82,69,d216c3221b2503105fb2e26fcdf9398e803cf0a1b2f63ea406a0844dbeae98dc,bf07b360b4298c17e0194c510b72ed90427cb6eb458b9446d38f3c532fad7ef7
79,Kim,Postan,kpostan26@digg.com,Male,69.42,92.92,192,d216c3221b2503105fb2e26fcdf9398e803cf0a1b2f63ea406a0844dbeae98dc,cadfa80e1238b5001ee0fa20029610f0eb91467b102120b8973e9093df17e94f
80,Raychel,Kermit,rkermit27@marriott.com,Female,56.67,191.65,77,d216c3221b2503105fb2e26fcdf9398e803cf0a1b2f63ea406a0844dbeae98dc,39101f72bc9d12c0ad960467cbc2c294399d30d17096d12521b3bc81f0a4bacb
81,Dawn,Fadden,dfadden28@foxnews.com,Female,74.14,186.58,164,d216c3221b2503105fb2e26fcdf9398e803cf0a1b2f63ea406a0844dbeae98dc,1eca6833bf2ddca8b77879fe78eb8f987f94e7522056eb9c930a434e1fc02b82
82,Luce,Mussington,lmussington29@mysql.com,Female,64.79,241.85,26,d216c3221b2503105fb2e26fcdf9398e803cf0a1b2f63ea406a0844dbeae98dc,c50408a847a597e33b3f63d8d2203341750c704e8748ffb326b8dbf68da1ffc1
83,Helaine,Sallan,hsallan2a@networksolutions.com,Female,66.07,154.7,179,d216c3221b2503105fb2e26fcdf9398e803cf0a1b2f63ea406a0844dbeae98dc,1b55d1a5232b330f2d6e99de54ff94254db6855d0e920f9cb2cd14f8f793ea3a
84,Andreas,Bantham,abantham2b@mapy.cz,Male,75.28,104.15,25,d216c3221b2503105fb2e26fcdf9398e803cf0a1b2f63ea406a0844dbeae98dc,b35629b1d38253623d317b2dc535c1e70de4eaee4422af1e1d84049558769051
85,Dori,Shankland,dshankland2c@prweb.com,Female,60.14,145.76,143,d216c3221b2503105fb2e26fcdf9398e803cf0a1b2f63ea406a0844dbeae98dc,f110494a8e542f191e060034cca4ab5cf8933ebec9be052eda2c386aea76a0c2
86,Afton,Grouvel,agrouvel2d@about.com,Female,72.2,134.97,24,d216c3221b2503105fb2e26fcdf9398e803cf0a1b2f63ea406a0844dbeae98dc,808291bbe6909ad18a6a6945d0cf2aa84ccc2a3387b53e9853e0ae98362b1d36
87,Sanderson,Hilliam,shilliam2e@dailymail.co.uk,Male,61.51,174.17,58,d216c3221b2503105fb2e26fcdf9398e803cf0a1b2f63ea406a0844dbeae98dc,c34ab9e07653376312cd849bace05004b70911fc24b6ef3b13eee79c8c5f4ff7
88,Emmery,Crathorne,ecrathorne2f@prweb.com,Male,66.14,231.2,175,d216c3221b2503105fb2e26fcdf9398e803cf0a1b2f63ea406a0844dbeae98dc,173510a602c4cf8c624fcddd76c91eebcd2665b2f70a62baab5b4993f2ee3911
89,Dew,Brussell,dbrussell2g@utexas.edu,Male,64.04,198.79,15,d216c3221b2503105fb2e26fcdf9398e803cf0a1b2f63ea406a0844dbeae98dc,d9415c5e8b732fa278654578e0c81b0985d74ea99cc4e295a4d087106e85fa21
90,Aloisia,Piggott,apiggott2h@ucoz.ru,Female,57.81,103.53,114,d216c3221b2503105fb2e26fcdf9398e803cf0a1b2f63ea406a0844dbeae98dc,499e7cb9073df59d5178d64ea24fb9ee5b066e52e66500130380c77a563bcc0a
91,Dwain,Van T'Hoog,dvanthoog2i@archive.org,Male,61.39,239.05,91,d216c3221b2503105fb2e26fcdf9398e803cf0a1b2f63ea406a0844dbeae98dc,f2ceda4a5d0371178caea19b0c7f1a0360a30717b23269b93c82a94b9390cdc4
92,Merrilee,Melland,mmelland2j@timesonline.co.uk,Female,74.87,293.62,196,d216c3221b2503105fb2e26fcdf9398e803cf0a1b2f63ea406a0844dbeae98dc,401a7b141ed4001e38460521b29d2f2d446538a6579061c2bd42d27c84d6def4
93,Brandon,Naris,bnaris2k@sun.com,Male,75.58,266.3,98,d216c3221b2503105fb2e26fcdf9398e803cf0a1b2f63ea406a0844dbeae98dc,1e0fbb1eef745ada04fea7b37934e727f750f9af3355e888b5bfb85295412546
94,Gillan,Gouldsmith,ggouldsmith2l@hud.gov,Female,62.06,100.38,125,d216c3221b2503105fb2e26fcdf9398e803cf0a1b2f63ea406a0844dbeae98dc,460e0d97c266d086e3499aead33337d8d75cc99455c3a0f7a324accbb8257f5d
95,Merrel,Anglin,manglin2m@nyu.edu,Male,58.08,120.23,16,d216c3221b2503105fb2e26fcdf9398e803cf0a1b2f63ea406a0844dbeae98dc,ef0fb9f3aa0a9345716465303a23b70b44ebd0a736f29a98a1837c8c028be30b
96,Calla,Birden,cbirden2n@bandcamp.com,Female,72.64,249.28,139,d216c3221b2503105fb2e26fcdf9398e803cf0a1b2f63ea406a0844dbeae98dc,3acf7f16139bb44aa583d9996a5512749669e5703a0fd53b3123b9bbeccd6191
97,Lovell,Muckleston,lmuckleston2o@hexun.com,Male,72.77,219.91,195,d216c3221b2503105fb2e26fcdf9398e803cf0a1b2f63ea406a0844dbeae98dc,c262d299c831b221577bf42a41f0140d0a5078c315924c56863957dec31fb304
98,Roldan,Lattey,rlattey2p@constantcontact.com,Male,69.25,120.16,72,d216c3221b2503105fb2e26fcdf9398e803cf0a1b2f63ea406a0844dbeae98dc,36c07d65cf5e1eb45bf30c54ea8128427af0b24a8f04b2f06fc0e621a0aefdde
99,Clayborn,Luquet,cluquet2q@squarespace.com,Male,56.3,229.79,13,d216c3221b2503105fb2e26fcdf9398e803cf0a1b2f63ea406a0844dbeae98dc,4c6e56002bc3de927eca0e88fb7a62945bdf3bd3587055c0ca5fc929f16e4d8e
100,Stanislaus,Peare,speare2r@google.ru,Male,75.16,296.71,61,d216c3221b2503105fb2e26fcdf9398e803cf0a1b2f63ea406a0844dbeae98dc,6a1e6bba461ed55af21a720930f92ab57773cda2553f5f1dfef1efb36428fd6e
101,Filberto,Graybeal,fgraybeal2s@elegantthemes.com,Male,61.23,288.33,32,d216c3221b2503105fb2e26fcdf9398e803cf0a1b2f63ea406a0844dbeae98dc,615c73ea102e483ef7dec377d9b0ce99f378b235ccb71d9e268d996f3b0b9481
102,Lulu,Schiementz,lschiementz2t@nationalgeographic.com,Female,75.61,100.17,85,d216c3221b2503105fb2e26fcdf9398e803cf0a1b2f63ea406a0844dbeae98dc,c5c5c8f173706441a32dab78bc6e3ce66e57c9841bb6a0cd7885bfe02aada6eb
103,Ardyce,Morriss,amorriss2u@businessinsider.com,Female,58.48,154.59,95,d216c3221b2503105fb2e26fcdf9398e803cf0a1b2f63ea406a0844dbeae98dc,f40f02d4c169c9dfdd0a2e1f8bfd5fce08aca5640bd790bc6e0efa51bdf998dc
104,Ev,Nowell,enowell2v@paypal.com,Male,65.04,179.08,40,d216c3221b2503105fb2e26fcdf9398e803cf0a1b2f63ea406a0844dbeae98dc,3814593140f0264e791d8c5e28a365f199f5d907d00204c09855ff9c9f15f3fe
105,Adela,Gaskell,agaskell2w@google.com.hk,Female,57.37,153.91,3,d216c3221b2503105fb2e26fcdf9398e803cf0a1b2f63ea406a0844dbeae98dc,58613abe53ee305440fd07562c2fbe0eaa2f817fa793bc4709fd1e4d1cd07443
106,Hansiain,Imason,himason2x@live.com,Male,67.53,190.53,148,d216c3221b2503105fb2e26fcdf9398e803cf0a1b2f63ea406a0844dbeae98dc,c8174ae0ce443bdad8d96b52ba530ff0edb0663cf05c92cd78cb71a514bf1633
107,Xever,Jarrel,xjarrel2y@simplemachines.org,Male,73.89,94.0,40,d216c3221b2503105fb2e26fcdf9398e803cf0a1b2f63ea406a0844dbeae98dc,7f7c7b74dd6a458b3d9c28f7431ac5888163f3d2fd87adaf65a15a0de7a3f175
108,Liliane,Buist,lbuist2z@yahoo.co.jp,Polygender,71.47,119.94,190,d216c3221b2503105fb2e26fcdf9398e803cf0a1b2f63ea406a0844dbeae98dc,aca9b0eb82827adbb790b9ff2191a881cb4dc56d31df4ba491519b7354cc250e
109,Belia,Jiri,bjiri30@cargocollective.com,Female,74.75,221.32,169,d216c3221b2503105fb2e26fcdf9398e803cf0a1b2f63ea406a0844dbeae98dc,df418258003c61c31ff461c57211885000bc010cff69105bcf7ab1bbfa757602
110,Shawn,Choudhury,schoudhury31@noaa.gov,Male,58.84,130.89,24,d216c3221b2503105fb2e26fcdf9398e803cf0a1b2f63ea406a0844dbeae98dc,ebe20e0f84b435580b2b1ba49908c9ec841fa4c9949b55b2b74d24e8d44d67d9
111,Lanna,Pantry,lpantry32@aboutads.info,Non-binary,57.72,158.55,190,d216c3221b2503105fb2e26fcdf9398e803cf0a1b2f63ea406a0844dbeae98dc,8e3177122fe1a2d8e066c1473310528f65373a746f7b4b49e5682f1a62b44923
112,Baillie,Youle,byoule33@netvibes.com,Male,66.31,266.37,22,d216c3221b2503105fb2e26fcdf9398e803cf0a1b2f63ea406a0844dbeae98dc,82cbb3f14a3cd1cf836b6eb8f5f2944909c7e7036f92e8233312ccd1c1bd2467
113,Calv,Poulsum,cpoulsum34@berkeley.edu,Male,70.69,123.75,196,d216c3221b2503105fb2e26fcdf9398e803cf0a1b2f63ea406a0844dbeae98dc,0ceb111cbd5a32efd524ac68db249fa0d8db6a891085300dae9ccb4ed774ab02
114,Claudius,Book,cbook35@archive.org,Agender,74.77,183.18,73,d216c3221b2503105fb2e26fcdf9398e803cf0a1b2f63ea406a0844dbeae98dc,3a137ffa01aec8fbdd3587089a8f11d1270d06ea7cea0800baa382de21ec66bf
115,Ambros,Benezeit,abenezeit36@issuu.com,Male,63.56,114.81,60,d216c3221b2503105fb2e26fcdf9398e803cf0a1b2f63ea406a0844dbeae98dc,83221f76381d02244d0ff55a87ae173aee5d9f29c1f7cc7d0177a0c54ea230bb
116,Marion,Huison,mhuison37@seesaa.net,Non-binary,56.81,176.57,180,d216c3221b2503105fb2e26fcdf9398e803cf0a1b2f63ea406a0844dbeae98dc,674a120fbbe1c65ccf06dee444b18a49d344842dea9a6198930266f58ee78b06
117,Alic,Timbridge,atimbridge38@bloglines.com,Male,63.25,255.59,60,d216c3221b2503105fb2e26fcdf9398e803cf0a1b2f63ea406a0844dbeae98dc,767089cb93c7026bfbc9e19070a29b2b4ca4411ebc4186b6c098dd9d34afef91
118,Elita,Saward,esaward39@dmoz.org,Female,70.69,251.07,139,d216c3221b2503105fb2e26fcdf9398e803cf0a1b2f63ea406a0844dbeae98dc,19bd0230b750fc7053f16a280d17f4488e36452f162206240c00b1bb8576b2fe
119,Fancie,Jarrel,fjarrel3a@myspace.com,Female,63.59,287.87,133,d216c3221b2503105fb2e26fcdf9398e803cf0a1b2f63ea406a0844dbeae98dc,c1dc38450df5c173278437807765fd2ea37cd3a7e4933f60f54dbc9269aef6c9
120,Brook,Braithwaite,bbraithwaite3b@omniture.com,Female,68.99,156.35,108,d216c3221b2503105fb2e26fcdf9398e803cf0a1b2f63ea406a0844dbeae98dc,fd8c8bf19ae6258d322194f15e631e6d9d962bac206733929f098d0c652bd580
121,Gaylor,Stiegars,gstiegars3c@ucoz.ru,Male,72.31,266.24,190,d216c3221b2503105fb2e26fcdf9398e803cf0a1b2f63ea406a0844dbeae98dc,38ad270b8df5a2c92b5a04de4c2ac3ab2b3a2ad2494f74fe0a5b0e46033bb5fb
122,Jen,Wilse,jwilse3d@washingtonpost.com,Female,64.07,90.92,34,d216c3221b2503105fb2e26fcdf9398e803cf0a1b2f63ea406a0844dbeae98dc,d615e3e9bcc0616de8e998cece938458c303ef084d4a890fac0973690c3fa20c
123,Ignaz,Varley,ivarley3e@mtv.com,Male,56.43,101.36,147,d216c3221b2503105fb2e26fcdf9398e803cf0a1b2f63ea406a0844dbeae98dc,f9b366ebcfc69817dd377ed836b8fe607533836f3f4a3acd5229c58439b9c5bd
124,Alley,Courteney,acourteney3f@digg.com,Male,63.18,246.74,168,d216c3221b2503105fb2e26fcdf9398e803cf0a1b2f63ea406a0844dbeae98dc,d9d5110de4790a81e9f1879a9b3d73cdf1ae3a28726e190bc4f008769f29555e
125,Colleen,O'Kenny,cokenny3g@dion.ne.jp,Female,67.98,158.29,72,d216c3221b2503105fb2e26fcdf9398e803cf0a1b2f63ea406a0844dbeae98dc,35e6075f3bf9fe2a0aac01255df59bfdeb14c5dbae592a357b4677b7012c9dca
126,Ermina,Wasling,ewasling3h@biglobe.ne.jp,Female,72.22,282.67,51,d216c3221b2503105fb2e26fcdf9398e803cf0a1b2f63ea406a0844dbeae98dc,45c9bbf42d1bc117680de34db067fb4689ad2b7f3997ea725d678248de7aa94e
127,Kippar,Biernat,kbiernat3i@bizjournals.com,Male,76.17,176.11,100,d216c3221b2503105fb2e26fcdf9398e803cf0a1b2f63ea406a0844dbeae98dc,c8f9f30b9d4bc199ae19e2e2da2f30eaa7932bc7b54f1f9648a5f0db8a9f98b5
128,Merralee,Brayley,mbrayley3j@bizjournals.com,Female,73.77,243.0,128,d216c3221b2503105fb2e26fcdf9398e803cf0a1b2f63ea406a0844dbeae98dc,18eb04fce3606e940194c81e52f103ff731468d16d1a5d01bb0761bb9d94040a
129,Blaire,Deveraux,bdeveraux3k@earthlink.net,Female,75.61,230.89,168,d216c3221b2503105fb2e26fcdf9398e803cf0a1b2f63ea406a0844dbeae98dc,025f774e0f0cb211c2dcab5267675cc93ef0c4d1431fe114bf9e1df5ef658e24
130,Ennis,Spurriar,espurriar3l@twitpic.com,Male,63.71,166.65,40,d216c3221b2503105fb2e26fcdf9398e803cf0a1b2f63ea406a0844dbeae98dc,9959cedce7e4dff70cb90fb18018da784ea1181555ed1ebb4519417afea679e8
131,Trix,Scapens,tscapens3m@php.net,Female,73.2,105.96,13,d216c3221b2503105fb2e26fcdf9398e803cf0a1b2f63ea406a0844dbeae98dc,30d6e72cd8a67d65dd02936ba2a6c8da492d39812eee1679d92fccfe70853e53
132,Bette,Murra,bmurra3n@digg.com,Female,72.8,88.94,172,d216c3221b2503105fb2e26fcdf9398e803cf0a1b2f63ea406a0844dbeae98dc,18286ff5a2a740ddbc14b9d361ddabd289885b1ab2ce55bc8f645d20ffa5a5e3
133,Britte,Speer,bspeer3o@rediff.com,Female,71.41,91.32,166,d216c3221b2503105fb2e26fcdf9398e803cf0a1b2f63ea406a0844dbeae98dc,8fc5ad551e70017a743be0a1b185c20ffaf33fabad3620056a42e27c5c7f9b7a
134,Pietro,Edwinson,pedwinson3p@sitemeter.com,Male,71.64,255.77,177,d216c3221b2503105fb2e26fcdf9398e803cf0a1b2f63ea406a0844dbeae98dc,585a2f8eb3bc86617741c91eb74f6f403402cdada964b0d8d74b3c043436749a
135,Kass,Waren,kwaren3q@state.gov,Female,63.46,89.73,72,d216c3221b2503105fb2e26fcdf9398e803cf0a1b2f63ea406a0844dbeae98dc,77bf235e4a184a79ee1a00bc9e9a42fbf1675cda76d0f411948e4c70f904724e
136,Solomon,Curson,scurson3r@a8.net,Male,76.92,218.82,179,d216c3221b2503105fb2e26fcdf9398e803cf0a1b2f63ea406a0844dbeae98dc,cd161f943edf7e8fa1eb8cb150b846f50260409a9ed2e05b7846b2dea003eb2f
137,Dorree,Gabbett,dgabbett3s@hugedomains.com,Female,60.94,161.38,107,d216c3221b2503105fb2e26fcdf9398e803cf0a1b2f63ea406a0844dbeae98dc,08ef3d6614221e6bf85603181ca819cd1a63a11f3440df158c8d84655f7f29f9
138,Webb,Burgne,wburgne3t@rambler.ru,Polygender,74.75,283.59,54,d216c3221b2503105fb2e26fcdf9398e803cf0a1b2f63ea406a0844dbeae98dc,e8117f83ec55593a56630da7bde7775e255204ef6a34248b402a5e3ac5c8290c
139,Caesar,McCaffery,cmccaffery3u@devhub.com,Male,56.52,225.88,138,d216c3221b2503105fb2e26fcdf9398e803cf0a1b2f63ea406a0844dbeae98dc,57f1a4e393bba054c88bafcdb686370a6dc0785c0150ccfffc802bbf3e5f68f8
140,Lydie,Stepto,lstepto3v@blogspot.com,Female,70.64,139.01,37,d216c3221b2503105fb2e26fcdf9398e803cf0a1b2f63ea406a0844dbeae98dc,ffeaebbf3616a44332beaa3325e2338f1f621ea5015ae269d2d7adde97fe0561
141,Hamel,Hadleigh,hhadleigh3w@dmoz.org,Male,69.3,265.91,2,d216c3221b2503105fb2e26fcdf9398e803cf0a1b2f63ea406a0844dbeae98dc,03c4929ae138b2825bf1c0515111ce9666d9ff9ea4531dd535fcac48382cc0f1
142,Vanna,Snoddin,vsnoddin3x@edublogs.org,Female,69.01,148.12,47,d216c3221b2503105fb2e26fcdf9398e803cf0a1b2f63ea406a0844dbeae98dc,07fafd5d16cd6f46ef899458e1d11c01d3950dbab119b95a330f7e2b65c89609
143,Rube,Orton,rorton3y@statcounter.com,Bigender,72.09,204.18,163,d216c3221b2503105fb2e26fcdf9398e803cf0a1b2f63ea406a0844dbeae98dc,ad6fbbb69e5aca340969e06c9e9ca09e48d6b8a04883329f9f67c13e7ba731dc
144,Gypsy,Rubinsky,grubinsky3z@unc.edu,Female,73.7,294.29,17,d216c3221b2503105fb2e26fcdf9398e803cf0a1b2f63ea406a0844dbeae98dc,65b3f767e6f98fb0e3c01045337a2939ffd51f46b01e51a8caf1ffcf914cff9f
145,Candie,Coverley,ccoverley40@smugmug.com,Female,74.22,236.14,127,d216c3221b2503105fb2e26fcdf9398e803cf0a1b2f63ea406a0844dbeae98dc,b9c8d53df8416ebe6827be34b2de5fccd6904311c291c6d18c00b79097f08651
146,Craggie,Chopy,cchopy41@feedburner.com,Genderfluid,69.66,278.09,114,d216c3221b2503105fb2e26fcdf9398e803cf0a1b2f63ea406a0844dbeae98dc,c86d300e96484307132712a00e95fe14981f623ebfdea80c3e1f93f4dc49ceb7
147,Saxe,Whitsey,swhitsey42@apple.com,Male,63.59,233.78,58,d216c3221b2503105fb2e26fcdf9398e803cf0a1b2f63ea406a0844dbeae98dc,952a071053ee208b3227b5191586e3e7e6101357ff2f779d0ab62ee3b6d1cb7b
148,Trenton,Beddon,tbeddon43@google.com.au,Male,75.71,95.49,175,d216c3221b2503105fb2e26fcdf9398e803cf0a1b2f63ea406a0844dbeae98dc,fc0ec0c6e2041d502a77de9fd2a574c4f0f1bbe0b3f9bc177c6a824292729f24
149,Fleur,Jarratt,fjarratt44@cocolog-nifty.com,Female,56.3,112.08,66,d216c3221b2503105fb2e26fcdf9398e803cf0a1b2f63ea406a0844dbeae98dc,4c82b1d3bdfae6d6055dddd4cc9d8f775f28532730268569209ca6fe8d510b43
150,Ermengarde,Critch,ecritch45@cafepress.com,Female,64.89,281.96,35,d216c3221b2503105fb2e26fcdf9398e803cf0a1b2f63ea406a0844dbeae98dc,32548f673828544467b904d9c398668c8ed81bfeee55519b98899e1069e4cc56
151,Kikelia,Lockyer,klockyer46@sourceforge.net,Female,75.48,278.72,146,d216c3221b2503105fb2e26fcdf9398e803cf0a1b2f63ea406a0844dbeae98dc,9502b59a4de2f3905a74d4b7559ff224c9aae62bb5cf21448769104b46f49dd5
152,Jeane,Malcher,jmalcher47@opensource.org,Female,66.95,88.95,152,d216c3221b2503105fb2e26fcdf9398e803cf0a1b2f63ea406a0844dbeae98dc,aceaa7d46f56b1e10f9722d7d3d7e5fdc9bb1ec5c81b8e5f7cedd8806fedbb00
153,Woodie,Daudray,wdaudray48@washington.edu,Male,59.38,284.64,163,d216c3221b2503105fb2e26fcdf9398e803cf0a1b2f63ea406a0844dbeae98dc,af87aa5752517b7565f9e12eac23a6c78d1ef0b94e471552b18b24c46716a0da
154,Gregor,Brearley,gbrearley49@e-recht24.de,Male,63.86,288.15,50,d216c3221b2503105fb2e26fcdf9398e803cf0a1b2f63ea406a0844dbeae98dc,ff73394b8782298f66c793d33d4b3218a42becb990f689308342cc157dca82dc
155,Celle,Allan,callan4a@wordpress.org,Female,61.94,283.4,158,d216c3221b2503105fb2e26fcdf9398e803cf0a1b2f63ea406a0844dbeae98dc,f5ceeaae80a0a169315f10f349fe06bc209b7cec2ab7d97d7ee2f133433d6254
156,Odell,Denisovo,odenisovo4b@nih.gov,Male,68.7,247.43,119,d216c3221b2503105fb2e26fcdf9398e803cf0a1b2f63ea406a0844dbeae98dc,62b55b58af62b566ddce51269035a2f59505fa76088c95a0d13c4c6000314af9
157,Jarrid,Groger,jgroger4c@washingtonpost.com,Agender,64.92,297.43,111,d216c3221b2503105fb2e26fcdf9398e803cf0a1b2f63ea406a0844dbeae98dc,c6e6bc973eaec5250e60228955686c10c9a6ac622fe1790fa48dad48052abe90
158,Redford,Francom,rfrancom4d@soup.io,Male,76.39,105.06,123,d216c3221b2503105fb2e26fcdf9398e803cf0a1b2f63ea406a0844dbeae98dc,1e170b1c40237bf267c7e0680219e8dd783599e9b201d3a13c9a995ab09a66d4
159,Salaidh,Van Oord,svanoord4e@weebly.com,Female,59.5,174.97,77,d216c3221b2503105fb2e26fcdf9398e803cf0a1b2f63ea406a0844dbeae98dc,b712b2f28f464527f07905ebeee233de6ccc994b9788c72876540d96c32c1fa7
160,Valina,Clulow,vclulow4f@vimeo.com,Female,71.12,97.09,16,d216c3221b2503105fb2e26fcdf9398e803cf0a1b2f63ea406a0844dbeae98dc,7916a91657d90eb766839b7e8a5f8e98b6ac7b4918e2f3e1e047a744d5c514f4
161,Tabby,Chill,tchill4g@vistaprint.com,Male,68.13,140.0,102,d216c3221b2503105fb2e26fcdf9398e803cf0a1b2f63ea406a0844dbeae98dc,b1ee8680ba83daaedcf811db3824a133be1e24e0c49c5f9b420204d09a3a9625
162,Mario,Riveles,mriveles4h@youku.com,Male,59.82,207.55,3,d216c3221b2503105fb2e26fcdf9398e803cf0a1b2f63ea406a0844dbeae98dc,de5dda46c1b8ea19eb4722cb67db8d4d8a91b71767834d4bb30b9db07d4bf0eb
163,Karole,Parmenter,kparmenter4i@cyberchimps.com,Female,75.35,211.0,200,d216c3221b2503105fb2e26fcdf9398e803cf0a1b2f63ea406a0844dbeae98dc,6b2e4ed371c7e7c726eb37e22dba3548e909453768072e23357f68182adee211
164,Cecelia,McEnhill,cmcenhill4j@stanford.edu,Female,56.61,94.45,129,d216c3221b2503105fb2e26fcdf9398e803cf0a1b2f63ea406a0844dbeae98dc,5f6d2692cc2667723b129eba547d664a8e4fe080faf94a086d5f2cfbbcf3d6a4
165,Tyson,Stogill,tstogill4k@washingtonpost.com,Male,58.97,120.71,14,d216c3221b2503105fb2e26fcdf9398e803cf0a1b2f63ea406a0844dbeae98dc,d7f08413849ab9cdb2817e29d849ac39aa7f4a5f49474f0ad107aff2bb9a8bd6
166,Roddie,Jedrzejczak,rjedrzejczak4l@yahoo.com,Male,58.76,274.27,185,d216c3221b2503105fb2e26fcdf9398e803cf0a1b2f63ea406a0844dbeae98dc,b68b6c6cff8c3ee14c294308f484488e1ebd00172c7a098fb32ee1e9107393bd
167,Annabella,Macauley,amacauley4m@about.me,Female,63.27,144.35,168,d216c3221b2503105fb2e26fcdf9398e803cf0a1b2f63ea406a0844dbeae98dc,be2ae83487321cfbfa562cdce45be40198577add58b221802eab91f9fcfc075b
168,Niki,McGuane,nmcguane4n@sakura.ne.jp,Female,60.41,261.08,177,d216c3221b2503105fb2e26fcdf9398e803cf0a1b2f63ea406a0844dbeae98dc,d38dc6f743e1e228cfac67bf6d8c0233d4ede0d475f9c72a9f4f16742ed84f0a
169,Frannie,Coventon,fcoventon4o@google.co.jp,Male,74.75,174.27,56,d216c3221b2503105fb2e26fcdf9398e803cf0a1b2f63ea406a0844dbeae98dc,112510400cee19af4e80ab2e2622f25cdad702d0dc94e1288ceb2c78d17d9d24
170,Ulrick,Dubock,udubock4p@phpbb.com,Male,64.09,205.15,103,d216c3221b2503105fb2e26fcdf9398e803cf0a1b2f63ea406a0844dbeae98dc,6f64e460e5c91d2345f49d8828227ada27cfb0ec87905aaf64b490924fdbf6bf
171,Doti,Kinchley,dkinchley4q@posterous.com,Female,69.21,176.0,178,d216c3221b2503105fb2e26fcdf9398e803cf0a1b2f63ea406a0844dbeae98dc,c621b3dd06a1024ce45def3c722b9e5d282159aa453e2f00e0f4d0e32beb4d13
172,Kenn,Alvy,kalvy4r@e-recht24.de,Male,73.74,290.98,71,d216c3221b2503105fb2e26fcdf9398e803cf0a1b2f63ea406a0844dbeae98dc,9d148872f00a28403b23907123a699bfbbad11f7bd795ad51fcc34fed349ff54
173,Rafael,Humbert,rhumbert4s@dot.gov,Non-binary,63.72,186.28,132,d216c3221b2503105fb2e26fcdf9398e803cf0a1b2f63ea406a0844dbeae98dc,ce14f466da6b78dfcdb6f5083d4df8a186b205754b7e18e90730d9df92868157
174,Timotheus,Aujouanet,taujouanet4t@a8.net,Male,64.74,236.65,150,d216c3221b2503105fb2e26fcdf9398e803cf0a1b2f63ea406a0844dbeae98dc,3c54cd4370a10de122f1ed1706a75f0feb4cc585e2134120dc315dbc0496530a
175,Morie,Gillingwater,mgillingwater4u@livejournal.com,Male,66.3,141.83,60,d216c3221b2503105fb2e26fcdf9398e803cf0a1b2f63ea406a0844dbeae98dc,16f9f54b7f82acbb8d9f821f4553b02b4224c3bb3021a3e571642808d6f90ed0
176,Ethelbert,Hallbird,ehallbird4v@topsy.com,Male,65.28,127.57,138,d216c3221b2503105fb2e26fcdf9398e803cf0a1b2f63ea406a0844dbeae98dc,3d516072fc58bb78aa846a48ad9e043146204ffc2d18c353a7c3abc7f6a990f2
177,Bondy,Backler,bbackler4w@gizmodo.com,Male,59.74,193.77,151,d216c3221b2503105fb2e26fcdf9398e803cf0a1b2f63ea406a0844dbeae98dc,18a2062ad50b0c3ccd9cd405bfcc6e76dfa7e0376d4e187a807f62b7c88e7554
178,Elenore,Nevins,enevins4x@fc2.com,Female,73.94,263.65,57,d216c3221b2503105fb2e26fcdf9398e803cf0a1b2f63ea406a0844dbeae98dc,ef7a104c2e9f24c5d6ef41ad355362e051473f235f9770f1804a992d1b698d1b
179,Perice,Culverhouse,pculverhouse4y@woothemes.com,Non-binary,63.13,278.09,102,d216c3221b2503105fb2e26fcdf9398e803cf0a1b2f63ea406a0844dbeae98dc,45231182ed01a638a919f8f7b579d2e5aae2714e049a63fd2cfb97ebe384584e
180,Antin,Blankau,ablankau4z@last.fm,Male,64.32,127.34,9,d216c3221b2503105fb2e26fcdf9398e803cf0a1b2f63ea406a0844dbeae98dc,a5a832db6dd89b6d400301edefa1bd70253955094b3fce10a49bd35742c06f3a
181,Perceval,Stiebler,pstiebler50@earthlink.net,Male,70.25,278.8,138,d216c3221b2503105fb2e26fcdf9398e803cf0a1b2f63ea406a0844dbeae98dc,699e71735d025f3a602e0ccf8f81ed22e43e4f26f70b1a69dde9219aced30fef
182,Bevin,Leving,bleving51@storify.com,Male,65.02,245.55,27,d216c3221b2503105fb2e26fcdf9398e803cf0a1b2f63ea406a0844dbeae98dc,65ad8c175fffe6da95ddc3390410527eada0a0e0066e4cd63a9c5e4988c28c5c
183,Chandler,Tresvina,ctresvina52@toplist.cz,Male,57.4,86.51,154,d216c3221b2503105fb2e26fcdf9398e803cf0a1b2f63ea406a0844dbeae98dc,bb1758336cad1ef66ce3e6554d37ccd92aaab17f245bf728f0db7ea26e7389c7
184,Genia,Harwell,gharwell53@t-online.de,Female,66.73,202.54,18,d216c3221b2503105fb2e26fcdf9398e803cf0a1b2f63ea406a0844dbeae98dc,0fd36c72e4853e46f08e6cae592c65672a1755019e39f345d3a8d0ad1b8f486c
185,Paulie,Sewley,psewley54@reddit.com,Female,68.59,187.18,72,d216c3221b2503105fb2e26fcdf9398e803cf0a1b2f63ea406a0844dbeae98dc,27cfa2f1ef6efc6239a654c355b75cffcfba9f56ce96839cde6b4e7c5e9efb19
186,Gussy,Branson,gbranson55@pbs.org,Female,62.43,158.32,28,d216c3221b2503105fb2e26fcdf9398e803cf0a1b2f63ea406a0844dbeae98dc,0f7de7d512652f141d9fbdc3d879df9f419c9574607c2a419068464e1a1cf856
187,Corabelle,Ioan,cioan56@ovh.net,Female,57.32,141.58,26,d216c3221b2503105fb2e26fcdf9398e803cf0a1b2f63ea406a0844dbeae98dc,72c7ebe00b844fd06eae800f8558eda17b846a7f49f420caa81f5104661b8541
188,Marylin,Wastall,mwastall57@aol.com,Female,64.59,123.2,133,d216c3221b2503105fb2e26fcdf9398e803cf0a1b2f63ea406a0844dbeae98dc,abb0e183a7509613f64c370d536c7e0096e64048761b65b97c46719dfed1f29a
189,Charmaine,Kwietek,ckwietek58@webnode.com,Female,76.42,237.04,152,d216c3221b2503105fb2e26fcdf9398e803cf0a1b2f63ea406a0844dbeae98dc,c2d2646ab333bcc810e44d47092516646215a40b12f0c7dbe8b8544e3d8ba7bd
190,Gauthier,Gaucher,ggaucher59@senate.gov,Male,64.38,216.1,142,d216c3221b2503105fb2e26fcdf9398e803cf0a1b2f63ea406a0844dbeae98dc,82ae731e928ee9a29881cf71967d3a82afc3733fbe14851e462bfe264d45ed63
191,Andreana,Riccetti,ariccetti5a@icq.com,Female,69.56,240.43,43,d216c3221b2503105fb2e26fcdf9398e803cf0a1b2f63ea406a0844dbeae98dc,d57c11705f26c42a550db80fea5f065c038f265e3da730438330a640fe33b696
192,Stormi,Corro,scorro5b@taobao.com,Female,64.42,289.81,131,d216c3221b2503105fb2e26fcdf9398e803cf0a1b2f63ea406a0844dbeae98dc,2fb335037a30d09e946648674c016450c74c816ac297d355349ea3079463b2fb
193,Chico,Cudd,ccudd5c@columbia.edu,Male,68.67,280.89,38,d216c3221b2503105fb2e26fcdf9398e803cf0a1b2f63ea406a0844dbeae98dc,7a9214b5168549a466be7eb83bc7c0e49d0f9b2099e439b5cc1b000de65d3d88
194,Vivianne,Frank,vfrank5d@about.com,Female,67.52,228.64,38,d216c3221b2503105fb2e26fcdf9398e803cf0a1b2f63ea406a0844dbeae98dc,4cea5f62e2822dc07922220ec2fc3e301b13464c491bb7d231ebbe9442dcc623
195,Hughie,Watkinson,hwatkinson5e@ezinearticles.com,Male,73.0,194.29,110,d216c3221b2503105fb2e26fcdf9398e803cf0a1b2f63ea406a0844dbeae98dc,c5ca4d3200d91800f0980c614c6a9578824852b9879a2eb3924e3ab737c39d5e
196,Ahmad,Eccles,aeccles5f@gizmodo.com,Male,62.25,122.88,20,d216c3221b2503105fb2e26fcdf9398e803cf0a1b2f63ea406a0844dbeae98dc,47c71e6ae925fa2e9b76f1ab3c379192aba4e344a0d97759a715807eb74ebf27
197,Tymon,Ickovici,tickovici5g@opera.com,Male,65.88,198.74,27,d216c3221b2503105fb2e26fcdf9398e803cf0a1b2f63ea406a0844dbeae98dc,060c767889efb9f9f3954b318e926f962d38bdfd4b3ceec6a3251db81768bb2e
198,Cordell,Bumpas,cbumpas5h@yale.edu,Male,57.68,139.84,16,d216c3221b2503105fb2e26fcdf9398e803cf0a1b2f63ea406a0844dbeae98dc,eb6b54dd6e6395a906378909a29b96cf2ad11e2511cd5f50db23325e41266fb9
199,Shirline,Blaszkiewicz,sblaszkiewicz5i@linkedin.com,Female,71.89,134.57,169,d216c3221b2503105fb2e26fcdf9398e803cf0a1b2f63ea406a0844dbeae98dc,cfa347ad530aeb0b6812f82ebcf4cd29d257efac0c1934f4a6ec9e5989ed3fb5
200,Edwin,Katz,ekatz5j@mapquest.com,Male,67.35,209.98,135,d216c3221b2503105fb2e26fcdf9398e803cf0a1b2f63ea406a0844dbeae98dc,636249b9a1dfe7ccf8826bf2bc886e3ef43f3917b43f0ca1783e87e34a6ec70e
201,Fabio,Berthomieu,fberthomieu5k@hibu.com,Male,66.85,134.87,65,d216c3221b2503105fb2e26fcdf9398e803cf0a1b2f63ea406a0844dbeae98dc,1aedd4903716053a7d3da3efe104e1a5627236697fff306dd727c2d9a8937370
202,Dorthea,Tidswell,dtidswell5l@xrea.com,Female,69.73,105.97,21,d216c3221b2503105fb2e26fcdf9398e803cf0a1b2f63ea406a0844dbeae98dc,aa880e71425d9e6abbd95bbb5afabf118f48f6e55475472bc373e28ab0cc6b42
203,Catherin,Godsafe,cgodsafe5m@livejournal.com,Female,71.67,195.81,44,d216c3221b2503105fb2e26fcdf9398e803cf0a1b2f63ea406a0844dbeae98dc,8a0f924d6754a3e49f942f89581aba17900b2baf8fc6e7078ab16d9c2d295a15
204,Staford,Parysowna,sparysowna5n@github.com,Male,71.62,178.71,166,d216c3221b2503105fb2e26fcdf9398e803cf0a1b2f63ea406a0844dbeae98dc,dc55c4bcb91b38d6d92766776284a6b1a5189e7bfe3dffe32ea847bd96cd8897
205,Iosep,Graham,igraham5o@wisc.edu,Male,61.6,145.52,63,d216c3221b2503105fb2e26fcdf9398e803cf0a1b2f63ea406a0844dbeae98dc,738c19a75e41b9ec2e94fe8577c346d3ac681e0db6e48529b7d495034d2f2b63
206,Ludvig,Kleinholz,lkleinholz5p@reuters.com,Male,61.88,209.11,183,d216c3221b2503105fb2e26fcdf9398e803cf0a1b2f63ea406a0844dbeae98dc,9380d7080887d92dff6dfc1ff3b68f0f96ca118520c95f6f4384517ad365886a
207,Alix,Sowerbutts,asowerbutts5q@paginegialle.it,Male,61.96,227.46,16,d216c3221b2503105fb2e26fcdf9398e803cf0a1b2f63ea406a0844dbeae98dc,03e7a74390d1edd653850adba5bdc865c9bdf9ec1d257803214081a120f235ac
208,Kaitlynn,Panketh,kpanketh5r@pinterest.com,Female,56.21,206.84,22,d216c3221b2503105fb2e26fcdf9398e803cf0a1b2f63ea406a0844dbeae98dc,fa453d16361d86bc9686a01e83d5a92267aef9ec355c738c4b42728a89cc61f7
209,Nora,Cahey,ncahey5s@friendfeed.com,Non-binary,67.05,113.42,54,d216c3221b2503105fb2e26fcdf9398e803cf0a1b2f63ea406a0844dbeae98dc,e87f2ea2f32b6848e2875979b08b2885d669f302443c90289553b0f9c1b6c79c
210,Pansy,Ionesco,pionesco5t@nifty.com,Female,74.68,169.15,47,d216c3221b2503105fb2e26fcdf9398e803cf0a1b2f63ea406a0844dbeae98dc,78f7d8814d0f021bc689b1e14dd280dcd3444962c15e76b340821d19ef22e4ea
211,Dacia,Velten,dvelten5u@google.com.hk,Female,67.83,166.25,61,d216c3221b2503105fb2e26fcdf9398e803cf0a1b2f63ea406a0844dbeae98dc,04eec29c8bb1f1fe86414c809ec11db25c153ca4a0c0bace0370cfcf31315701
212,Robinetta,Worthington,rworthington5v@cdc.gov,Genderfluid,73.23,133.37,174,d216c3221b2503105fb2e26fcdf9398e803cf0a1b2f63ea406a0844dbeae98dc,ff8a01b40c32251edd4f7f1a7fad2ab5b362b4cba409e01884c0b24c8fdd3ef4
213,Anatola,Binford,abinford5w@deliciousdays.com,Genderqueer,73.08,296.81,80,d216c3221b2503105fb2e26fcdf9398e803cf0a1b2f63ea406a0844dbeae98dc,85680f8175a7cfbc903e70df906cc893cdc41198bf7cb76c46c1583614dd8af3
214,Lowell,Shetliff,lshetliff5x@examiner.com,Male,74.93,282.53,152,d216c3221b2503105fb2e26fcdf9398e803cf0a1b2f63ea406a0844dbeae98dc,7dd66505f5c21684d159ce801e4538af8ed03b1f6bb309a8c54ee70e22301afb
215,Alicia,Bemrose,abemrose5y@ucoz.ru,Female,69.0,257.48,189,d216c3221b2503105fb2e26fcdf9398e803cf0a1b2f63ea406a0844dbeae98dc,026ba20163e35656a2c0e36b029dcb2f9ef80a1707e3b1584cf8b8de858f02fe
216,Ebeneser,Yurevich,eyurevich5z@msn.com,Male,67.15,182.83,54,d216c3221b2503105fb2e26fcdf9398e803cf0a1b2f63ea406a0844dbeae98dc,8c88175e6cade9c420dc6666a61010fc8626c6c4a9ab16cbd3507277e88cc1db
217,Sabina,Butler,sbutler60@webmd.com,Female,64.07,298.73,36,d216c3221b2503105fb2e26fcdf9398e803cf0a1b2f63ea406a0844dbeae98dc,b9ca3f9a1480ffca2181c58fdb6d5a5f810138145e791cd5569b26031edb303f
218,Perrine,Woolrich,pwoolrich61@chronoengine.com,Female,56.38,167.12,113,d216c3221b2503105fb2e26fcdf9398e803cf0a1b2f63ea406a0844dbeae98dc,b7a05733b9b8619068543b4bc488813fc38b25fb87d38432a327d049bbb0f418
219,Gabrila,Horry,ghorry62@globo.com,Female,70.18,242.62,49,d216c3221b2503105fb2e26fcdf9398e803cf0a1b2f63ea406a0844dbeae98dc,de91b59ec12c8a2f89b347168a45d65cf5218d8a3c104892b469053b3c450557
220,Eilis,Faill,efaill63@pcworld.com,Female,72.62,284.72,135,d216c3221b2503105fb2e26fcdf9398e803cf0a1b2f63ea406a0844dbeae98dc,61620fa381f3e2f8f0a9eed869c60b81819c608fbc6c3881c0692a5125e1b8ae
221,Barnett,O'Henecan,bohenecan64@merriam-webster.com,Bigender,58.62,218.64,153,d216c3221b2503105fb2e26fcdf9398e803cf0a1b2f63ea406a0844dbeae98dc,2d17f2ddc43e88f141e27b0e8590d1b5f582137380e4e52196a8efa6522c49ab
222,Sasha,Bondesen,sbondesen65@hp.com,Male,69.2,282.0,33,d216c3221b2503105fb2e26fcdf9398e803cf0a1b2f63ea406a0844dbeae98dc,b601eac977fa0d490d4fe3c7a4eb5d6d4d4f61193bc7c864e2f9ba43e7369337
223,Forest,Lydall,flydall66@gmpg.org,Male,56.5,218.14,18,d216c3221b2503105fb2e26fcdf9398e803cf0a1b2f63ea406a0844dbeae98dc,6945921dc0d92c9bc8794fe5ec6b58acc237d154eae97b9fd6330dff2c12f587
224,Rosana,Howlings,rhowlings67@sogou.com,Female,56.36,237.39,156,d216c3221b2503105fb2e26fcdf9398e803cf0a1b2f63ea406a0844dbeae98dc,dbcea703995ea93a330309a5033d1201f860e67f51b638172a1270c1e2066597
225,Oralia,Collibear,ocollibear68@smugmug.com,Female,59.38,111.18,18,d216c3221b2503105fb2e26fcdf9398e803cf0a1b2f63ea406a0844dbeae98dc,6752664684702edadadc3b7a0fb730e8c34f9b89ef3f48a0e76488bc4a0d751e
226,Bale,Cometson,bcometson69@bravesites.com,Male,60.3,147.49,72,d216c3221b2503105fb2e26fcdf9398e803cf0a1b2f63ea406a0844dbeae98dc,efcc44869b835f551cef0450e3c5e99e474c478dce30b205231a140066c41872
227,Ettore,McDermott,emcdermott6a@dell.com,Male,69.86,226.61,5,d216c3221b2503105fb2e26fcdf9398e803cf0a1b2f63ea406a0844dbeae98dc,f3156e746e22b6c55ee2a37a321d14290f53df315005a83b2203fdb5809e91b4
228,Daren,Starmont,dstarmont6b@webnode.com,Male,74.94,119.41,46,d216c3221b2503105fb2e26fcdf9398e803cf0a1b2f63ea406a0844dbeae98dc,bcaa7c5075b5a5affe5eed100bf617cccc6638506630e8729f73b58082b436f2
229,Frasier,Yuryshev,fyuryshev6c@comcast.net,Male,59.31,264.93,193,d216c3221b2503105fb2e26fcdf9398e803cf0a1b2f63ea406a0844dbeae98dc,e7411923f88dcee3ae5094e2d44a3e1e2a7f95add29811b3728d5252c0f869c0
230,Janina,Culcheth,jculcheth6d@nih.gov,Female,69.15,221.71,169,d216c3221b2503105fb2e26fcdf9398e803cf0a1b2f63ea406a0844dbeae98dc,4d69f4c7d8ce0f488a6e84c866de2b776cf74fd6b92e841c4425095aa2ef18d3
231,Sherill,Lassen,slassen6e@marketwatch.com,Female,58.68,248.35,176,d216c3221b2503105fb2e26fcdf9398e803cf0a1b2f63ea406a0844dbeae98dc,3b9aa597eed7b44346ed01c3f5a4af3370c37bf92188aa60d31df7754a9a46b3
232,Ronna,Joutapavicius,rjoutapavicius6f@kickstarter.com,Female,59.64,102.57,134,d216c3221b2503105fb2e26fcdf9398e803cf0a1b2f63ea406a0844dbeae98dc,9e1bc1c65df9dfafb2b008acb72e3e1a12b4ca8c5f72405b912dd97ccbadfe9b
233,Ema,Machent,emachent6g@skyrock.com,Female,57.2,246.4,27,d216c3221b2503105fb2e26fcdf9398e803cf0a1b2f63ea406a0844dbeae98dc,ad7b3420e909b68b3579e3acc7674a98bbe34a634892918df3e9633e2a154f6b
234,Brigitte,Bromige,bbromige6h@chicagotribune.com,Female,74.03,245.16,14,d216c3221b2503105fb2e26fcdf9398e803cf0a1b2f63ea406a0844dbeae98dc,5144d7db2fe31dc8cd3562b8aa47e3958af1eadbdd839787d7e29380e2f5cae5
235,Gerry,Bramford,gbramford6i@bloomberg.com,Bigender,60.48,124.34,85,d216c3221b2503105fb2e26fcdf9398e803cf0a1b2f63ea406a0844dbeae98dc,c18bbb723728eaeee139dbfce8d00bb7a9a50a161196606ddad4b745473f039b
236,Rozanne,Gossage,rgossage6j@reuters.com,Female,75.99,243.09,100,d216c3221b2503105fb2e26fcdf9398e803cf0a1b2f63ea406a0844dbeae98dc,b0f0dc53675e6dcad4f14ed97eb058d08843355c4cfc6c45bdd2f2dc5cf47cfa
237,Iona,Kersting,ikersting6k@berkeley.edu,Female,68.79,91.79,157,d216c3221b2503105fb2e26fcdf9398e803cf0a1b2f63ea406a0844dbeae98dc,624dcc937b780b8d7f559bb8ad4e2f8d7dda8765e3cc24c73723ffa30227f2d4
238,Jessey,McLennan,jmclennan6l@google.co.uk,Male,66.51,115.51,1,d216c3221b2503105fb2e26fcdf9398e803cf0a1b2f63ea406a0844dbeae98dc,00ef1d87a38f2ffdb10c50de7d6641204041b6050dec80a3cbd40a99785c61f2
239,Irving,Couper,icouper6m@moonfruit.com,Male,62.25,118.97,188,d216c3221b2503105fb2e26fcdf9398e803cf0a1b2f63ea406a0844dbeae98dc,61312a55f9887b6bfced6913dee50653f3434332150b53adc24c1bc9b1d2da67
240,Salmon,Credland,scredland6n@moonfruit.com,Male,59.53,268.03,21,d216c3221b2503105fb2e26fcdf9398e803cf0a1b2f63ea406a0844dbeae98dc,9521a96e970f80b2c008b4e57c46de04c2750655b882068853db6b64a43e5f1d
241,Aubine,De Haven,adehaven6o@usa.gov,Female,65.64,123.44,198,d216c3221b2503105fb2e26fcdf9398e803cf0a1b2f63ea406a0844dbeae98dc,1a59400e792b496e1e172faa7494bbf0c3e7fe80c4473da0977baa175e9538c1
242,Griz,Petrak,gpetrak6p@ow.ly,Male,75.41,257.92,121,d216c3221b2503105fb2e26fcdf9398e803cf0a1b2f63ea406a0844dbeae98dc,40f52d8c546b1eb3113e455db4cfcf21d05b402aa92d991812a9f4edc9c56455
243,Loralee,Deignan,ldeignan6q@apache.org,Female,73.98,124.94,191,d216c3221b2503105fb2e26fcdf9398e803cf0a1b2f63ea406a0844dbeae98dc,64857c1f943cbb278766cd13a796687399b310b55da957c7f2259aeafa7c77a4
244,Matthias,Raoult,mraoult6r@geocities.com,Male,71.61,293.1,159,d216c3221b2503105fb2e26fcdf9398e803cf0a1b2f63ea406a0844dbeae98dc,75eea083c4e59110880ff43f82e6ca62ae9dadbba86a095e19f04bf14e6e4192
245,Reinhold,Crolla,rcrolla6s@booking.com,Male,62.83,195.54,23,d216c3221b2503105fb2e26fcdf9398e803cf0a1b2f63ea406a0844dbeae98dc,d3ac44c2e157893eaed3e828ecd609326d709dd2518aa4cfd50f599717a81298
246,Beulah,Marcu,bmarcu6t@studiopress.com,Female,74.4,262.07,110,d216c3221b2503105fb2e26fcdf9398e803cf0a1b2f63ea406a0844dbeae98dc,bdbfa74aea3e2a47c805f5cf301fa96b94f56fd15c3ae689154b13a738644d2a
247,Bobbye,Atkyns,batkyns6u@csmonitor.com,Non-binary,70.25,111.32,53,d216c3221b2503105fb2e26fcdf9398e803cf0a1b2f63ea406a0844dbeae98dc,09f52aa76ecd0973c6d30b1f23c6e1f1a8e076cb170fffc61ca4b50fb4017f16
248,Mikol,Lawday,mlawday6v@chronoengine.com,Male,73.26,174.54,23,d216c3221b2503105fb2e26fcdf9398e803cf0a1b2f63ea406a0844dbeae98dc,2299db6301c13928d0fd33a78be68a0cc9203bf381d02c2764f6f68b704b11d2
249,Inna,Worthington,iworthington6w@so-net.ne.jp,Female,75.56,114.23,118,d216c3221b2503105fb2e26fcdf9398e803cf0a1b2f63ea406a0844dbeae98dc,c27b820c557c8c312e5e7349685fd53fe6c9cc9135a0676fb831ccb6ddd9c1be
250,Barn,Altamirano,baltamirano6x@youku.com,Bigender,61.92,204.97,180,d216c3221b2503105fb2e26fcdf9398e803cf0a1b2f63ea406a0844dbeae98dc,da6c9f3a812ecc192bf2627c8de88dc573b20c2e700ac254cc9fabb18664f8bf
