id,first_name,last_name,email,gender,age,height,weight,hippa_id,VO_address,patient_address
503,Jone,Shankster,jshanksterdy@1und1.de,Male,5,94.66,173.15,275,6253ca267d99ba510da19204abb42796cd4b1b8456a0cd39b93a6fc8c6b3e667,14173d076027764a61decb022ea8858078f2af7a89be16150f3dd41ca3f3ee66
504,Pennie,Edmett,pedmettdz@ca.gov,Female,23,140.08,192.96,220,6253ca267d99ba510da19204abb42796cd4b1b8456a0cd39b93a6fc8c6b3e667,e10d4ce32354e466cdd8efb14862aeee5c875d90c7282789e51d07d746718804
505,Garrot,Alenichev,galenicheve0@yahoo.com,Male,85,146.86,170.3,144,6253ca267d99ba510da19204abb42796cd4b1b8456a0cd39b93a6fc8c6b3e667,0ad2c838a0194e016ccc2c0862b1457329d69b0e90f6a7e72ae6cf324174d7fa
506,Elisha,Cornewell,ecornewelle1@miibeian.gov.cn,Male,29,76.03,247.8,224,6253ca267d99ba510da19204abb42796cd4b1b8456a0cd39b93a6fc8c6b3e667,9ab55bc56a757c8e212f5a9df946c505eb0bfe0e01fa123be164bccea96349e5
507,Micki,Bilby,mbilbye2@creativecommons.org,Female,41,85.3,188.35,282,6253ca267d99ba510da19204abb42796cd4b1b8456a0cd39b93a6fc8c6b3e667,3716523c088862bc76e1b89d319a40243bea0af74da6c7c448c4e773292c7172
508,Janot,Hastelow,jhastelowe3@google.cn,Female,62,115.42,51.94,70,6253ca267d99ba510da19204abb42796cd4b1b8456a0cd39b93a6fc8c6b3e667,50c89e846c6df2138297e65a4fb44c5b27710f5c1c22e01aee452f9df29173f3
509,Amabel,Sikorsky,asikorskye4@intel.com,Female,81,86.75,113.67,194,6253ca267d99ba510da19204abb42796cd4b1b8456a0cd39b93a6fc8c6b3e667,afee077c44c91224750fba69308a512e13a866f3b2f614e50527163c662167fb
510,Meredith,Buesden,mbuesdene5@indiegogo.com,Genderfluid,68,119.19,137.62,78,6253ca267d99ba510da19204abb42796cd4b1b8456a0cd39b93a6fc8c6b3e667,ff387cae890e5e3e2eb2b864b604a72b2bafba946b5447e2c1f262b99be25c0e
511,Ada,Laugier,alaugiere6@mapy.cz,Female,65,146.2,94.47,262,6253ca267d99ba510da19204abb42796cd4b1b8456a0cd39b93a6fc8c6b3e667,2e937a4d70a2a0594f57c2efd42b89a82003aa1f98b8e218c8eddd2747048078
512,Bud,Rheaume,brheaumee7@google.co.uk,Male,85,119.44,227.68,272,6253ca267d99ba510da19204abb42796cd4b1b8456a0cd39b93a6fc8c6b3e667,1ac5effd3d71997921920c1ccbddefecf3fd0890b076c9a5569f0d245f28895b
513,Bearnard,Pilmore,bpilmoree8@thetimes.co.uk,Male,24,94.7,249.22,5,6253ca267d99ba510da19204abb42796cd4b1b8456a0cd39b93a6fc8c6b3e667,49327c9c8759227a4565c33564edea95af1f609aaa21756fa88cde512625325e
514,Darill,Cram,dcrame9@mit.edu,Male,78,103.59,274.54,109,6253ca267d99ba510da19204abb42796cd4b1b8456a0cd39b93a6fc8c6b3e667,441651ac7ad2aaa29bf2711223e2958491f3b140488b4237ccab43be51bc5ada
515,Mannie,Laudham,mlaudhamea@exblog.jp,Male,78,130.11,228.97,133,6253ca267d99ba510da19204abb42796cd4b1b8456a0cd39b93a6fc8c6b3e667,d867560e287de5bede9281b326494f07004cd94814bf53d50d14f44a069a0e63
516,Emmey,Panyer,epanyereb@163.com,Female,73,109.66,61.41,18,6253ca267d99ba510da19204abb42796cd4b1b8456a0cd39b93a6fc8c6b3e667,401dd71340145106a5fc08661ea7cfacca5f7bdbfb27b4203c812291aff991cd
517,Yardley,Halksworth,yhalksworthec@newyorker.com,Male,47,131.82,54.87,153,6253ca267d99ba510da19204abb42796cd4b1b8456a0cd39b93a6fc8c6b3e667,098c1674b96bd601b161c190bb3938cd22e14692e1a9b7fe18f56347f3380fd8
518,Idaline,Santi,isantied@utexas.edu,Bigender,31,113.25,195.58,95,6253ca267d99ba510da19204abb42796cd4b1b8456a0cd39b93a6fc8c6b3e667,42f2dd75b1c4945c1e487d7d6e2ce060b7eb51acebc1e248ce67d6f6bb08ea73
519,Tamarra,McDoual,tmcdoualee@businessweek.com,Female,28,109.95,213.01,191,6253ca267d99ba510da19204abb42796cd4b1b8456a0cd39b93a6fc8c6b3e667,dd6391b2a3bb964e75a6a16a6ae78387bffb8fbc1be4d2de053bd3e1b58b2926
520,Jefferson,Gronaver,jgronaveref@yolasite.com,Male,35,78.51,251.08,159,6253ca267d99ba510da19204abb42796cd4b1b8456a0cd39b93a6fc8c6b3e667,3f477de2887f53f8cd7650ed28ed7d8b47badec96601efed60b3b25cf00e4b89
521,Mel,Gosford,mgosfordeg@vk.com,Female,3,109.07,152.65,4,6253ca267d99ba510da19204abb42796cd4b1b8456a0cd39b93a6fc8c6b3e667,a8b1fb4db12738b09c421c0b502a45ad0767b0ad44e6e632afdff6a4cb33cb6e
522,Carley,Evins,cevinseh@army.mil,Female,50,122.55,126.44,108,6253ca267d99ba510da19204abb42796cd4b1b8456a0cd39b93a6fc8c6b3e667,8e4b30760b33de9b35912974c77673f1a757b573d3134da83071591d4287c05e
523,Mylo,Rosekilly,mrosekillyei@latimes.com,Male,83,54.63,163.35,119,6253ca267d99ba510da19204abb42796cd4b1b8456a0cd39b93a6fc8c6b3e667,7889dcf7dc66098c1c1f547fe1fc40ad95e1c1d3518aed554100558ed812c893
524,Brynne,Cattlemull,bcattlemullej@wiley.com,Female,34,70.39,245.01,222,6253ca267d99ba510da19204abb42796cd4b1b8456a0cd39b93a6fc8c6b3e667,7d2d1f3ddf785ac5233a226532f6aad827b1395d5cd31d8c3e0cb143cb40840e
525,Fania,Gabel,fgabelek@usda.gov,Female,84,59.48,127.69,3,6253ca267d99ba510da19204abb42796cd4b1b8456a0cd39b93a6fc8c6b3e667,14b1b40810537de1567319116c1ec8f60cf45824e26e6557a9b4c147115d05d6
526,Tarra,Musgrave,tmusgraveel@opensource.org,Female,26,71.02,63.73,262,6253ca267d99ba510da19204abb42796cd4b1b8456a0cd39b93a6fc8c6b3e667,6e0a2536804796534e3615e69e125a62a040041e3c872b68d74e1caa00ce6ba6
527,Catie,Parnham,cparnhamem@histats.com,Female,20,131.84,215.98,199,6253ca267d99ba510da19204abb42796cd4b1b8456a0cd39b93a6fc8c6b3e667,9913fb20ba00a3a40009016def714dfd771e7ee954bd3ac1381df7f19cf28073
528,Ivan,Sanzio,isanzioen@altervista.org,Male,47,143.94,289.62,256,6253ca267d99ba510da19204abb42796cd4b1b8456a0cd39b93a6fc8c6b3e667,c22302b0aef522e6a2c4080c521d9c67de457d506bfb1a5a5c29238dff4c7cee
529,Arie,Maudling,amaudlingeo@dagondesign.com,Male,24,111.73,249.04,77,6253ca267d99ba510da19204abb42796cd4b1b8456a0cd39b93a6fc8c6b3e667,20f29a70b6d1287c7a55ce1ea6a992ca19d67e27dae15c1921cf610712ecd403
530,Margit,Wildbore,mwildboreep@arstechnica.com,Female,58,83.17,127.76,16,6253ca267d99ba510da19204abb42796cd4b1b8456a0cd39b93a6fc8c6b3e667,9ed57dca838375983af601a1ec6e94573f08dc0416b3045b269d4d5cdba659f5
531,Marius,Andrichak,mandrichakeq@amazon.co.uk,Male,73,120.51,56.48,67,6253ca267d99ba510da19204abb42796cd4b1b8456a0cd39b93a6fc8c6b3e667,9fa0535e6fa4724dae549d8b8838ae8d99fedf9d413da36f451e6de9b109b59c
532,Goldarina,Buckston,gbuckstoner@bloomberg.com,Female,71,72.17,131.08,108,6253ca267d99ba510da19204abb42796cd4b1b8456a0cd39b93a6fc8c6b3e667,3af07f20a7a84c546d4bb1c89c5c3c38fb8fc87b99b0210486d77405e0ec399f
533,Corney,Saturley,csaturleyes@bravesites.com,Male,65,89.45,286.39,83,6253ca267d99ba510da19204abb42796cd4b1b8456a0cd39b93a6fc8c6b3e667,f6e6062e5c5b76589bddaa1a19d63bbbaaa6f021085bd02fafdf52dded2bb543
534,Ellerey,Agirre,eagirreet@tuttocitta.it,Male,69,124.43,260.12,284,6253ca267d99ba510da19204abb42796cd4b1b8456a0cd39b93a6fc8c6b3e667,78e4b1be6a4c765a3fc4b85079273084ebdf09218f669c5eca9f5cb6a9d0778e
535,Swen,Astling,sastlingeu@123-reg.co.uk,Male,30,89.64,78.01,113,6253ca267d99ba510da19204abb42796cd4b1b8456a0cd39b93a6fc8c6b3e667,83af194fe09c5c2e94f8b29c4e23428324134f5f8a6a6fb39db4e702f9d0e50b
536,Sidonnie,Puckring,spuckringev@mit.edu,Female,36,147.4,147.82,287,6253ca267d99ba510da19204abb42796cd4b1b8456a0cd39b93a6fc8c6b3e667,bd982ead01e21ce28aa6fd658c3e887adb76f6e9709e7ecc0b9b64596512d37c
537,Valentijn,Aberkirdo,vaberkirdoew@marriott.com,Male,57,53.13,253.48,172,6253ca267d99ba510da19204abb42796cd4b1b8456a0cd39b93a6fc8c6b3e667,b63767e6aa35787530c86b788dcccdbb956201be4b8bcbda9e31c85f3771c1f6
538,Wendell,Fusedale,wfusedaleex@nba.com,Male,21,90.18,103.75,74,6253ca267d99ba510da19204abb42796cd4b1b8456a0cd39b93a6fc8c6b3e667,258a99cb415101c446f5525e2d78f5d8ce799233d2fd35daa51b21e9cc4c8adc
539,Batholomew,Boakes,bboakesey@hc360.com,Male,50,72.26,105.86,58,6253ca267d99ba510da19204abb42796cd4b1b8456a0cd39b93a6fc8c6b3e667,a851af0ed137c99ed10adfecb6e1e1488a03235b380674bad06141e3b06d60ef
540,Jud,Hawney,jhawneyez@fastcompany.com,Male,38,122.66,159.47,49,6253ca267d99ba510da19204abb42796cd4b1b8456a0cd39b93a6fc8c6b3e667,5cec2c5480f1bc4728ecfd625aea4a806eb6eed04a1049f170834fa9f5e7216e
541,Lindsey,Nilges,lnilgesf0@apache.org,Female,19,106.51,154.7,255,6253ca267d99ba510da19204abb42796cd4b1b8456a0cd39b93a6fc8c6b3e667,3dbbb38b16c477cf3206dd5e93b12f4e399b32866e8e2faf24ff29e0f605a978
542,Christian,Snaddin,csnaddinf1@sohu.com,Female,27,57.04,246.57,211,6253ca267d99ba510da19204abb42796cd4b1b8456a0cd39b93a6fc8c6b3e667,758a5738012f4e49700d5fd4ad35c1d7ca48c0d5075f3957cbb7a753f584fad3
543,Persis,Norwich,pnorwichf2@cmu.edu,Female,7,123.41,295.6,88,6253ca267d99ba510da19204abb42796cd4b1b8456a0cd39b93a6fc8c6b3e667,a07556fbf413049d698b9a175a19ca17380c57c74568915e1aeeaf35905e2411
544,Perry,Warlawe,pwarlawef3@nhs.uk,Female,34,72.41,121.72,226,6253ca267d99ba510da19204abb42796cd4b1b8456a0cd39b93a6fc8c6b3e667,bd4230f471eebea2d31329265f5cf711673d48735805f5c1a2068e6bbaacd8c7
545,Hadria,Ribbon,hribbonf4@dell.com,Female,52,140.85,55.15,262,6253ca267d99ba510da19204abb42796cd4b1b8456a0cd39b93a6fc8c6b3e667,c3f645f1ae3e38cb1fdc4463c53ad3a7425ae47e4e6fa9b143a0ee76cecf063f
546,Myra,Antonoyev,mantonoyevf5@cnbc.com,Female,81,138.64,123.56,185,6253ca267d99ba510da19204abb42796cd4b1b8456a0cd39b93a6fc8c6b3e667,2c6b354242d7e4d988d40e4e28068fbb85178c621e6bbdc650fd132e05df6459
547,Crosby,Skeermer,cskeermerf6@army.mil,Male,76,80.03,188.6,103,6253ca267d99ba510da19204abb42796cd4b1b8456a0cd39b93a6fc8c6b3e667,6bf6c7d46ccf2902f7054c16143507db504ef6d9a218d899b7b620df863b1b1c
548,Uriel,Elwin,uelwinf7@businessweek.com,Polygender,77,55.0,282.01,141,6253ca267d99ba510da19204abb42796cd4b1b8456a0cd39b93a6fc8c6b3e667,7138d6c6ffe67fa71cd55912f8bf9d9b61a7dc521c9a50eb5702baf2c4d5aeb0
549,Edan,Eastmead,eeastmeadf8@nhs.uk,Male,88,98.3,65.96,276,6253ca267d99ba510da19204abb42796cd4b1b8456a0cd39b93a6fc8c6b3e667,2f39955916d03e33eda1d4e9cffbc7a7951c2302cbb9b873fc04778be37d51a4
550,Harry,Bradburne,hbradburnef9@twitter.com,Male,31,78.52,124.02,188,6253ca267d99ba510da19204abb42796cd4b1b8456a0cd39b93a6fc8c6b3e667,9a0aa569c1f276969b6a92b4ec377642864c824a7277b4bf9e288b727b28d534
551,Kalvin,Brigman,kbrigmanfa@parallels.com,Male,10,56.12,260.97,76,6253ca267d99ba510da19204abb42796cd4b1b8456a0cd39b93a6fc8c6b3e667,1cd21f9900378ba737b9a07d257b3ccdb0135aa7675554f51b93b60d323cd79b
552,Ede,O' Mulderrig,eomulderrigfb@jalbum.net,Female,2,68.19,152.72,179,6253ca267d99ba510da19204abb42796cd4b1b8456a0cd39b93a6fc8c6b3e667,e17199be0a32772c1b3269cd91cae5ca7b1186ca48428a2b91dd6cedd1e8036b
553,Jaquenette,Zapata,jzapatafc@cisco.com,Genderfluid,22,78.11,248.01,199,6253ca267d99ba510da19204abb42796cd4b1b8456a0cd39b93a6fc8c6b3e667,aa425cb82c95bdfef604af71b6b9c5d56d2ed7f87a4f802e1b336b504def83d6
554,Catie,McCord,cmccordfd@prlog.org,Female,8,125.69,99.37,280,6253ca267d99ba510da19204abb42796cd4b1b8456a0cd39b93a6fc8c6b3e667,b25d2c98beece05377c30a553f748e1680854b034f46b19b9788b474a17941e5
555,Blondelle,Tincey,btinceyfe@blogspot.com,Female,84,86.8,160.53,19,6253ca267d99ba510da19204abb42796cd4b1b8456a0cd39b93a6fc8c6b3e667,db024f9d8b783ede97568ab586b58d469fd8229c144c626cd9a2caffc2cf7b78
556,Otha,Nairn,onairnff@reddit.com,Female,17,57.22,237.16,191,6253ca267d99ba510da19204abb42796cd4b1b8456a0cd39b93a6fc8c6b3e667,22499cd551393548baa35ddf52292a9e2727cac56a5f73f0d03556b94d99c58d
557,Cicily,Cufflin,ccufflinfg@ning.com,Female,35,68.36,84.04,193,6253ca267d99ba510da19204abb42796cd4b1b8456a0cd39b93a6fc8c6b3e667,a89b96f0d0e4f5e5bfd203f49701ecc46e2c6cae1c7bc3b86a6b924ab588f6fb
558,Clarke,Amiranda,camirandafh@vkontakte.ru,Male,63,147.47,259.95,233,6253ca267d99ba510da19204abb42796cd4b1b8456a0cd39b93a6fc8c6b3e667,b127f7b083daf995d41f3ae730ad5e71ac8eca21cd070d6383ed21a935bb27d4
559,Gareth,Rainger,graingerfi@rakuten.co.jp,Male,18,116.51,273.73,81,6253ca267d99ba510da19204abb42796cd4b1b8456a0cd39b93a6fc8c6b3e667,54a9b5b7dbe78dc4e61761d8cade705ec8e7c53dfb58dbda2ef4aae3b925f200
560,Torrance,Taig,ttaigfj@jalbum.net,Male,29,127.92,142.96,101,6253ca267d99ba510da19204abb42796cd4b1b8456a0cd39b93a6fc8c6b3e667,b9c5a0628d050ce8fba41d7cf856634a400727c6e94f479309985294dd00d7ec
561,Phineas,Domenichelli,pdomenichellifk@goo.ne.jp,Male,66,144.21,277.57,180,6253ca267d99ba510da19204abb42796cd4b1b8456a0cd39b93a6fc8c6b3e667,5449661ecd9b0d6e78e9cd0a2da6aeb81827492a6a7071878848047239dd7ca8
562,Wat,Kestin,wkestinfl@cisco.com,Male,23,65.92,196.12,122,6253ca267d99ba510da19204abb42796cd4b1b8456a0cd39b93a6fc8c6b3e667,935591867157cf5b8d7f0be2ce7781f3430b5d01adb2a68ba6a0524c0d81a1bb
563,Yule,Latore,ylatorefm@smugmug.com,Male,29,87.53,142.35,154,6253ca267d99ba510da19204abb42796cd4b1b8456a0cd39b93a6fc8c6b3e667,c2ff610f57beed48513fdf4e8d65ba764a4839464f1c192435dc37f7c8bc3864
564,Richardo,Melbourn,rmelbournfn@mysql.com,Male,77,111.12,228.78,189,6253ca267d99ba510da19204abb42796cd4b1b8456a0cd39b93a6fc8c6b3e667,00e3c823e887e653b1c98ad991cc0965a0fcc4c56db0c21d867cb4e7791e2247
565,Sibel,Dellenbrok,sdellenbrokfo@acquirethisname.com,Female,1,61.66,227.49,43,6253ca267d99ba510da19204abb42796cd4b1b8456a0cd39b93a6fc8c6b3e667,47c186fff22a6af761d7172da7b38b654f2d7ab61f6c18811827a851d711b3d5
566,Hilario,Malicki,hmalickifp@posterous.com,Male,25,146.31,129.6,77,6253ca267d99ba510da19204abb42796cd4b1b8456a0cd39b93a6fc8c6b3e667,df69e130de4a48738041bb4b0457e6a71e493077aff7e00192dac150c20d81c1
567,Matthias,Bampkin,mbampkinfq@ed.gov,Male,48,103.11,211.03,158,6253ca267d99ba510da19204abb42796cd4b1b8456a0cd39b93a6fc8c6b3e667,cfd434302ba754800f3a7018e7a9f7806ec1ae970819cc557d002a823680edc9
568,Obed,Jollands,ojollandsfr@ycombinator.com,Male,61,119.67,132.98,95,6253ca267d99ba510da19204abb42796cd4b1b8456a0cd39b93a6fc8c6b3e667,fbb6f0a10df639920785c8f046e6d9cd939e773d14dcc568faf826b5bb92438e
569,Alvy,Hulle,ahullefs@yale.edu,Male,83,134.53,70.36,287,6253ca267d99ba510da19204abb42796cd4b1b8456a0cd39b93a6fc8c6b3e667,4660a4a94e31e53131e1ca921860e25f8064ffc8e63c82ed45ba876ca95e725d
570,Evelyn,Settle,esettleft@army.mil,Agender,30,63.74,272.19,199,6253ca267d99ba510da19204abb42796cd4b1b8456a0cd39b93a6fc8c6b3e667,aee15265376230fcb9bbd549eb2e24a77e5258493ab87070400fbaa27d99d342
571,Erasmus,Gillmor,egillmorfu@google.de,Male,2,100.1,234.99,219,6253ca267d99ba510da19204abb42796cd4b1b8456a0cd39b93a6fc8c6b3e667,f9ae759cb53f6ebf4ce80d8010466e93a4b128a39c8e34dbbedc6e4e6fefa44b
572,Myrtle,Denge,mdengefv@weather.com,Female,23,81.4,269.51,24,6253ca267d99ba510da19204abb42796cd4b1b8456a0cd39b93a6fc8c6b3e667,23d446ba26bb256633472149b1b3c016416825ef00eb150f68304825bf2f3deb
573,Jarad,Hudspith,jhudspithfw@pen.io,Polygender,26,56.8,167.14,97,6253ca267d99ba510da19204abb42796cd4b1b8456a0cd39b93a6fc8c6b3e667,46ab05134195cb8c2dcb7874123868588aa4e21ce230b28ff6fce95b800fb504
574,Cherin,Fulton,cfultonfx@biblegateway.com,Female,54,127.84,65.23,240,6253ca267d99ba510da19204abb42796cd4b1b8456a0cd39b93a6fc8c6b3e667,a6eca21e4980f3cbeb5ae317496e043f63cbc8858fec3509defa4b3c54927a58
575,Gale,Ordish,gordishfy@last.fm,Female,75,97.4,297.99,245,6253ca267d99ba510da19204abb42796cd4b1b8456a0cd39b93a6fc8c6b3e667,568b93f55a2b2f9b94ca8095da131c7da7cc1e86662b10df175cb459bb890afd
576,Cleveland,Alenshev,calenshevfz@storify.com,Male,27,71.89,273.02,26,6253ca267d99ba510da19204abb42796cd4b1b8456a0cd39b93a6fc8c6b3e667,659792bc60bcd6c7a9e2b73958a47d65613bae8dd7af283b0c846c409c27f975
577,Lucie,Embury,lemburyg0@scribd.com,Female,10,72.84,120.98,230,6253ca267d99ba510da19204abb42796cd4b1b8456a0cd39b93a6fc8c6b3e667,4f6e97f03def3858c0f53bf91d6cb44006e6367861de50c8354123e813fb3646
578,Dynah,Otterwell,dotterwellg1@yahoo.com,Female,31,76.89,107.08,70,6253ca267d99ba510da19204abb42796cd4b1b8456a0cd39b93a6fc8c6b3e667,70ff16e5809cd38d67d1ec47dc1b2db9f6b54da7baa7de712e4d2fb3093cff7b
579,Catherina,Dranfield,cdranfieldg2@sciencedaily.com,Bigender,75,101.85,121.38,142,6253ca267d99ba510da19204abb42796cd4b1b8456a0cd39b93a6fc8c6b3e667,809d5e661d57a2162d1955c21b6d48fdd47c0836ca62fb420c3cce016aec8abd
580,Kristy,Grzegorecki,kgrzegoreckig3@sogou.com,Female,29,88.82,236.82,264,6253ca267d99ba510da19204abb42796cd4b1b8456a0cd39b93a6fc8c6b3e667,c4a91c360cdf2c8ae5575fc526b7c0a99b657713a6e47e8f74bc1d539bb97373
581,Lucian,Worden,lwordeng4@disqus.com,Male,17,52.53,247.48,132,6253ca267d99ba510da19204abb42796cd4b1b8456a0cd39b93a6fc8c6b3e667,59c6bb348beecf79e5fc21c7cce2d581f668845e704aec86851ef8db5fa2d08e
582,Gloria,Youngman,gyoungmang5@berkeley.edu,Bigender,44,96.18,196.13,230,6253ca267d99ba510da19204abb42796cd4b1b8456a0cd39b93a6fc8c6b3e667,9bf7b4e4e7730ee95ba6bb031a928a236ee67941f22934ab214fabb43d4fbef0
583,Bank,Mulgrew,bmulgrewg6@si.edu,Male,44,63.4,112.7,252,6253ca267d99ba510da19204abb42796cd4b1b8456a0cd39b93a6fc8c6b3e667,e9a6bc9d9b48f3a326f5d84b53fad42968e58082512b01112ca9dc0bc01d37e7
584,Franny,Bonifacio,fbonifaciog7@earthlink.net,Female,82,60.07,121.45,267,6253ca267d99ba510da19204abb42796cd4b1b8456a0cd39b93a6fc8c6b3e667,677a1d63f12d1b0abeea672ac8ae5163687de5809a7729f59b141c44de7581e5
585,Meredeth,Jest,mjestg8@amazon.co.jp,Male,34,92.17,91.16,43,6253ca267d99ba510da19204abb42796cd4b1b8456a0cd39b93a6fc8c6b3e667,f62493dccc5d5cdab0be9e4a4c63524c2275e98e9722b5077f46a78c6a026cc5
586,Richmound,Dagwell,rdagwellg9@fastcompany.com,Male,42,141.61,54.78,115,6253ca267d99ba510da19204abb42796cd4b1b8456a0cd39b93a6fc8c6b3e667,c8fd4a154a798f344266031938364b48124760e2a30d48039ee0fe91abc7adec
587,Rosina,McAreavey,rmcareaveyga@nsw.gov.au,Female,76,109.03,84.39,287,6253ca267d99ba510da19204abb42796cd4b1b8456a0cd39b93a6fc8c6b3e667,95edf607a762d6d1753ec03fd2e6768e4d1788f6b5907d02aa5869a4a3db86c2
588,Enrika,O'Nolan,eonolangb@opensource.org,Genderfluid,67,97.0,171.87,206,6253ca267d99ba510da19204abb42796cd4b1b8456a0cd39b93a6fc8c6b3e667,a5e48b812cff714b1142253967bbe595061ba21c8065501037e2dbaaaf97a930
589,Harrison,Binnall,hbinnallgc@archive.org,Male,27,76.86,130.56,112,6253ca267d99ba510da19204abb42796cd4b1b8456a0cd39b93a6fc8c6b3e667,be8b57bfd2ad55dee06232333f6ad66f6b8d68cad9f2b318fe5149d125070685
590,Herta,Gallehock,hgallehockgd@studiopress.com,Female,56,110.38,132.82,134,6253ca267d99ba510da19204abb42796cd4b1b8456a0cd39b93a6fc8c6b3e667,34ed8c2e7d76e865fbf280120f98d2984aef4a21920364e563fdcf9b77599d78
591,Ruben,Schiesterl,rschiesterlge@irs.gov,Male,46,81.67,84.31,133,6253ca267d99ba510da19204abb42796cd4b1b8456a0cd39b93a6fc8c6b3e667,b5a89c936c5658db9ccbdb9770e01c8c953edbfb55ab813548fc6bbd15e9f913
592,Sophi,Roiz,sroizgf@slideshare.net,Female,36,81.91,133.53,65,6253ca267d99ba510da19204abb42796cd4b1b8456a0cd39b93a6fc8c6b3e667,0fbc5ad16b741d72c00514b94be45a71c0896ba2bfb7dbd21800f1411ad76f5a
593,Sherye,Megainey,smegaineygg@nature.com,Female,56,72.81,295.94,106,6253ca267d99ba510da19204abb42796cd4b1b8456a0cd39b93a6fc8c6b3e667,0ae45c5bd9bfcc67cb0131cf46e20e900939a318ed6e10cde505022543051560
594,Emyle,Antognazzi,eantognazzigh@comcast.net,Female,26,74.26,115.58,69,6253ca267d99ba510da19204abb42796cd4b1b8456a0cd39b93a6fc8c6b3e667,69b5fca02f63d35f8dc536ed7de63ffba3bae995b69fbf1cf3ed04545fe533fc
595,Esteban,Fleckness,eflecknessgi@dot.gov,Male,68,120.23,164.02,118,6253ca267d99ba510da19204abb42796cd4b1b8456a0cd39b93a6fc8c6b3e667,b053286c56bd1c33bd3d4c67aa279e427267171e5fc79a2fa88a7d1428cce3f0
596,Eleni,Killerby,ekillerbygj@upenn.edu,Female,28,142.41,252.92,67,6253ca267d99ba510da19204abb42796cd4b1b8456a0cd39b93a6fc8c6b3e667,ec89eac376cb68d255c9aeffd1ee4895f68fab02fcc65909e89a3f431f587c4a
597,Verena,Franchioni,vfranchionigk@xinhuanet.com,Female,1,126.92,209.17,218,6253ca267d99ba510da19204abb42796cd4b1b8456a0cd39b93a6fc8c6b3e667,024503db7a9f1d89db2aca9e96b8a4b18e0d86df85846a9166202a3426edb64e
598,Scottie,Kilgallon,skilgallongl@tamu.edu,Male,84,132.22,200.3,168,6253ca267d99ba510da19204abb42796cd4b1b8456a0cd39b93a6fc8c6b3e667,8b7200f7816e9ebbe242e692b385b44b93b58fadf4bc3fed2390bf62b71d3a1f
599,Raimund,Richens,rrichensgm@bizjournals.com,Male,53,56.38,296.53,250,6253ca267d99ba510da19204abb42796cd4b1b8456a0cd39b93a6fc8c6b3e667,2f905e37e98287087e08fa4a6b93c186524ac8b737f8fa3acc47679b5c6da79c
600,Bili,Bouldstridge,bbouldstridgegn@msn.com,Female,34,72.49,140.23,276,6253ca267d99ba510da19204abb42796cd4b1b8456a0cd39b93a6fc8c6b3e667,a3c8f57039f8b8b5b5ba7b4524bddc4349749267f6f595d059c556ab6e36d7ee
601,Torr,Sapsforde,tsapsfordego@chronoengine.com,Male,64,93.69,52.89,157,6253ca267d99ba510da19204abb42796cd4b1b8456a0cd39b93a6fc8c6b3e667,4500f8ff2262eb05701e8cbbb9250f9c7a7e71be6bbf615349733434ade865ae
602,Jilleen,Emmines,jemminesgp@sohu.com,Female,46,89.23,56.44,63,6253ca267d99ba510da19204abb42796cd4b1b8456a0cd39b93a6fc8c6b3e667,359c1a8463ffae307caf8eb841174060f12e42a2371d4f9133d1b21c4427f23f
603,Aurora,Weare,awearegq@fda.gov,Female,24,57.3,67.53,136,6253ca267d99ba510da19204abb42796cd4b1b8456a0cd39b93a6fc8c6b3e667,4020028b70eddc3b6cd93c2cc4f55966b708659f6f3125e10d7789d532d2c0ab
604,Dody,Baudin,dbaudingr@thetimes.co.uk,Female,32,146.74,52.78,65,6253ca267d99ba510da19204abb42796cd4b1b8456a0cd39b93a6fc8c6b3e667,4462062378875d113580b814fd7acf6a7590ed04c2d577cb69f74eb9453a2f38
605,Klemens,Cathee,kcatheegs@theatlantic.com,Male,12,116.71,268.26,163,6253ca267d99ba510da19204abb42796cd4b1b8456a0cd39b93a6fc8c6b3e667,dff1081cbabcf63ddc58921da7c29f8e00851b10ed970ae2491a6ea6b04d36bf
606,Kellyann,Marriage,kmarriagegt@goo.gl,Female,75,143.76,168.05,157,6253ca267d99ba510da19204abb42796cd4b1b8456a0cd39b93a6fc8c6b3e667,c05ebfcc6dd9714b2547a40eeab6c9090d9274c54db82dd6f3c1aeb4315295a6
607,Shellysheldon,Coggill,scoggillgu@163.com,Male,20,86.53,251.85,258,6253ca267d99ba510da19204abb42796cd4b1b8456a0cd39b93a6fc8c6b3e667,d976911303213e53d3b1a7652346c22292036ae2184b10efa59633f819bd654e
608,Corty,Fayerbrother,cfayerbrothergv@goo.gl,Male,16,54.67,171.96,200,6253ca267d99ba510da19204abb42796cd4b1b8456a0cd39b93a6fc8c6b3e667,823e24e6f58a3efa32dc1bccbe475bbc348a4f989bce6340cb4ddaf9e43787d3
609,Jacquelynn,Bryns,jbrynsgw@nature.com,Female,33,75.64,224.98,31,6253ca267d99ba510da19204abb42796cd4b1b8456a0cd39b93a6fc8c6b3e667,0653fb07950cdee0f72dcff3429c2c2b7c9ab9cbff2bd95ea2b152a3a8143e99
610,Kellia,Staker,kstakergx@livejournal.com,Female,44,94.75,236.5,202,6253ca267d99ba510da19204abb42796cd4b1b8456a0cd39b93a6fc8c6b3e667,bda6619bb7f4a7a1c9f136d3fb99d5ef8ac71f2e85a0912f604fbed98d7f14ef
611,Hewie,Kubalek,hkubalekgy@gnu.org,Male,8,58.49,139.76,82,6253ca267d99ba510da19204abb42796cd4b1b8456a0cd39b93a6fc8c6b3e667,176da3614c150729ca5fd96036375d8c8ee68202199fe0d990c4ca54007809a8
612,Laughton,Tomczykowski,ltomczykowskigz@msn.com,Agender,39,137.01,225.59,216,6253ca267d99ba510da19204abb42796cd4b1b8456a0cd39b93a6fc8c6b3e667,bd491f19bc37c128d96477bac2cb5c92d46a59ccf52d3c67d8a1540998caf2bf
613,Gaylene,Staresmeare,gstaresmeareh0@cnet.com,Non-binary,5,61.01,156.8,94,6253ca267d99ba510da19204abb42796cd4b1b8456a0cd39b93a6fc8c6b3e667,2939d0c3f5399306c7fc89a48bbf0272796e5f6bd27fdc460a9a3d07086e36e2
614,Mada,Bisseker,mbissekerh1@comsenz.com,Female,16,110.32,118.1,17,6253ca267d99ba510da19204abb42796cd4b1b8456a0cd39b93a6fc8c6b3e667,03b09bb29a5f419d1306e049bee271f476edceed05163a2753038dc41307c7b1
615,Aurthur,Macia,amaciah2@quantcast.com,Male,45,119.15,223.73,123,6253ca267d99ba510da19204abb42796cd4b1b8456a0cd39b93a6fc8c6b3e667,95fcd1354a08c67a464b9151b8012ba81963ade5c99d3efd7538a3387d7eccd6
616,Bryna,McKirton,bmckirtonh3@blogspot.com,Female,41,75.3,95.52,293,6253ca267d99ba510da19204abb42796cd4b1b8456a0cd39b93a6fc8c6b3e667,1a083637b2a57f88aab0599a09ec205a0db2c9fc8d428b32a599e1948e10b0c9
617,Eugenio,Madgett,emadgetth4@weather.com,Male,64,100.75,127.53,182,6253ca267d99ba510da19204abb42796cd4b1b8456a0cd39b93a6fc8c6b3e667,14c9a9681bb2a4e1d03a3d31da320f7157aeb909bb7abd46e2d92d264af95282
618,Brion,Ovanesian,bovanesianh5@unesco.org,Male,77,57.16,272.86,196,6253ca267d99ba510da19204abb42796cd4b1b8456a0cd39b93a6fc8c6b3e667,9121c4ca5bc3c4e775827ab8e67a2f53092af83be411b1922e8480a5b7ab2893
619,Gertruda,Ginglell,gginglellh6@moonfruit.com,Female,61,130.21,209.06,82,6253ca267d99ba510da19204abb42796cd4b1b8456a0cd39b93a6fc8c6b3e667,f41ba90f54cef5709163b855e4aeb8ee5d5d3f32c5ab4c0e5241c6abae7ae0cd
620,Briny,Alans,balansh7@sfgate.com,Female,74,56.06,259.99,18,6253ca267d99ba510da19204abb42796cd4b1b8456a0cd39b93a6fc8c6b3e667,58a40c96b92fd3df0f49998956a0549f58700a3b7a19030534df75001ba4345c
621,Elga,Hovy,ehovyh8@state.tx.us,Non-binary,41,57.35,69.23,205,6253ca267d99ba510da19204abb42796cd4b1b8456a0cd39b93a6fc8c6b3e667,809093e7f59cf16b666450efe26318a43e54d687cbd2db156c6fb044ab51b133
622,Rafael,Matys,rmatysh9@people.com.cn,Male,69,86.98,68.38,284,6253ca267d99ba510da19204abb42796cd4b1b8456a0cd39b93a6fc8c6b3e667,a7574ca4b048729941a2f3a415d1056ddbef88a37f8c1f767790a761e0e9e166
623,Barbette,Iwanczyk,biwanczykha@boston.com,Female,43,113.69,260.0,67,6253ca267d99ba510da19204abb42796cd4b1b8456a0cd39b93a6fc8c6b3e667,221ad10081441abc023d269bf5c63eb68ef03ceecb4150d464428bbb33cbbb88
624,Rosemonde,McAughtry,rmcaughtryhb@buzzfeed.com,Female,28,123.25,272.53,36,6253ca267d99ba510da19204abb42796cd4b1b8456a0cd39b93a6fc8c6b3e667,4a4542a8cb641815e22dd3d9b6bd84afb4e953c16cd71f25dc9b517a239dba25
625,Anya,Bawcock,abawcockhc@smh.com.au,Female,14,80.08,265.95,56,6253ca267d99ba510da19204abb42796cd4b1b8456a0cd39b93a6fc8c6b3e667,8ee409ce1418fe101cf55bf0653aabb429249cdb71ce21e2f3cbc71eb276cf88
626,Jacquelyn,Kairns,jkairnshd@marriott.com,Female,65,146.17,157.08,245,6253ca267d99ba510da19204abb42796cd4b1b8456a0cd39b93a6fc8c6b3e667,ff6da61be0d117bad3eb37d7f3f4108babadcba0980613217b4f01df25e0e64e
627,Jarret,Byrd,jbyrdhe@istockphoto.com,Male,54,78.9,50.15,205,6253ca267d99ba510da19204abb42796cd4b1b8456a0cd39b93a6fc8c6b3e667,024c25326a8019e2a66f812d3384bfcf249da232e344edd48e80d5946ab5e7de
628,Jermayne,Kinnane,jkinnanehf@dailymotion.com,Male,61,73.14,166.87,139,6253ca267d99ba510da19204abb42796cd4b1b8456a0cd39b93a6fc8c6b3e667,9de09cc818fb90d91aec60db9695de86efc35355390ca1710d370f2bb934c413
629,Eileen,Benedicte,ebenedictehg@fastcompany.com,Female,57,89.49,138.57,224,6253ca267d99ba510da19204abb42796cd4b1b8456a0cd39b93a6fc8c6b3e667,bdd8ecf83f1fff24325d07d654e57a099a82e8a608a4245423e5c9ffa3c5e614
630,Joelie,Huskisson,jhuskissonhh@abc.net.au,Bigender,12,67.72,71.33,95,6253ca267d99ba510da19204abb42796cd4b1b8456a0cd39b93a6fc8c6b3e667,23639af3371e7b766e99461c33d1ceb0236c36638f1f23f30ad3ae46addc87d5
631,Christabel,Zambonini,czamboninihi@devhub.com,Female,19,97.46,192.0,294,6253ca267d99ba510da19204abb42796cd4b1b8456a0cd39b93a6fc8c6b3e667,94e57a4fe7459b051112e4dae22f9aac496c2172dde75ab32da1673e75432171
632,Ward,Drayton,wdraytonhj@elegantthemes.com,Male,19,63.48,97.72,300,6253ca267d99ba510da19204abb42796cd4b1b8456a0cd39b93a6fc8c6b3e667,493fe75bde7c902e3d86c285bba144ab58b9af84fce16cc3dd903b6de58f2805
633,Cori,Ciraldo,cciraldohk@wiley.com,Male,22,138.99,285.47,190,6253ca267d99ba510da19204abb42796cd4b1b8456a0cd39b93a6fc8c6b3e667,30e26fe5285db4e1880a425cce5cbc5f017dcf248fe7b204194fd3c9bc69713e
634,Erasmus,De Coursey,edecourseyhl@purevolume.com,Male,8,113.97,252.65,156,6253ca267d99ba510da19204abb42796cd4b1b8456a0cd39b93a6fc8c6b3e667,725dbbbd4dde83718e8d22257527e79d32806323d9e57af27db4a723b52c02d6
635,Stepha,Glabach,sglabachhm@vistaprint.com,Female,15,110.2,136.52,16,6253ca267d99ba510da19204abb42796cd4b1b8456a0cd39b93a6fc8c6b3e667,27be6d91cdece6830bf7ea51d43d0a5b2abce637ecda03dcf52d0414c86c2333
636,Clint,Wastie,cwastiehn@un.org,Male,23,119.59,160.08,269,6253ca267d99ba510da19204abb42796cd4b1b8456a0cd39b93a6fc8c6b3e667,c30c8486dae62e7ac0668e3a04a1e00b5ae0617a42166235646b4eb30dd0b84f
637,Courtnay,Pacht,cpachtho@about.me,Female,39,134.36,101.36,250,6253ca267d99ba510da19204abb42796cd4b1b8456a0cd39b93a6fc8c6b3e667,3b40b6809927ca46e6be03248bcf816371bee9918fbf63ad53cda5f9f1d0161f
638,Sargent,Norkutt,snorkutthp@narod.ru,Male,41,128.04,181.2,267,6253ca267d99ba510da19204abb42796cd4b1b8456a0cd39b93a6fc8c6b3e667,222f7b83ccfde96a0d5129d3112317c94daead3f49b29c6a323083287020e4ce
639,Latrina,Bernaert,lbernaerthq@ustream.tv,Female,76,52.1,139.26,61,6253ca267d99ba510da19204abb42796cd4b1b8456a0cd39b93a6fc8c6b3e667,e2b35e7c774a5ead3caa0f8cf9bc468acc312c39544e021eb591552fad15653a
640,Chanda,Jockle,cjocklehr@icq.com,Female,74,93.38,163.62,209,6253ca267d99ba510da19204abb42796cd4b1b8456a0cd39b93a6fc8c6b3e667,2aad3c1a7d3a76feaa14968558a2adea5fc848f88241276c6b8f54af9f4dee7b
641,Retha,Tuminini,rtumininihs@bloomberg.com,Female,41,78.15,127.06,22,6253ca267d99ba510da19204abb42796cd4b1b8456a0cd39b93a6fc8c6b3e667,a19cb0051cfcea4a978522b72ec5e05bdcdab61c371292ad8c6796b8506e36ef
642,Ossie,Hablet,ohabletht@netscape.com,Polygender,85,101.32,64.34,80,6253ca267d99ba510da19204abb42796cd4b1b8456a0cd39b93a6fc8c6b3e667,04f44e36ff5757ffc0df492a06a263616b4cb8707d05db9e3aeec5f5617c4a76
643,Dani,Ellaman,dellamanhu@google.co.jp,Male,40,74.28,180.03,273,6253ca267d99ba510da19204abb42796cd4b1b8456a0cd39b93a6fc8c6b3e667,5e0a438a364482d8eceeb2be2a393c3a0156e7a49ee785e9af86dd702c9327f7
644,Ceciley,Coleborn,ccolebornhv@nytimes.com,Non-binary,29,51.45,220.44,72,6253ca267d99ba510da19204abb42796cd4b1b8456a0cd39b93a6fc8c6b3e667,589baa0d74bf2a0e83237ebcbb7e623c19ba35e7b7479ddf0f44cde844fcc8fc
645,Allyson,Winsome,awinsomehw@blogger.com,Female,3,128.54,135.7,193,6253ca267d99ba510da19204abb42796cd4b1b8456a0cd39b93a6fc8c6b3e667,4b556a4d80b50afa9645fdea5adfce5007e57f6b8c0eef18ce0b568627309656
646,Ian,Deboick,ideboickhx@telegraph.co.uk,Male,26,108.75,177.01,213,6253ca267d99ba510da19204abb42796cd4b1b8456a0cd39b93a6fc8c6b3e667,8fc3e45aa50bab9358b6f65dfbd3cc85b49cb172428fe5bd624bf8bba7201410
647,Gasper,Blofield,gblofieldhy@facebook.com,Male,21,116.06,198.93,113,6253ca267d99ba510da19204abb42796cd4b1b8456a0cd39b93a6fc8c6b3e667,5ede15cd04a84544867639b49735de1c3e1fcf137857ef6ceb793bb0e9cd636b
648,Tami,Casford,tcasfordhz@umn.edu,Genderqueer,35,68.85,283.07,160,6253ca267d99ba510da19204abb42796cd4b1b8456a0cd39b93a6fc8c6b3e667,016cb69b00487c3f5cab5ddf88b017e9497a56fa56a16770145945f00f043050
649,Constance,Yushankin,cyushankini0@examiner.com,Female,25,54.56,297.22,180,6253ca267d99ba510da19204abb42796cd4b1b8456a0cd39b93a6fc8c6b3e667,475539b8d00d6204764ee56033b0bd0002d596ce5bd5ad3aecb1d58b99896d55
650,Roxane,Leacock,rleacocki1@whitehouse.gov,Female,54,134.1,58.61,93,6253ca267d99ba510da19204abb42796cd4b1b8456a0cd39b93a6fc8c6b3e667,e47f9d1c611a5b0414f165cfb4fe777519e888c584dffac681388b0a0c01fef3
651,Adan,Boick,aboicki2@ibm.com,Male,28,74.59,226.07,204,6253ca267d99ba510da19204abb42796cd4b1b8456a0cd39b93a6fc8c6b3e667,d75e10542051c63a9feda182920c16891d63d53deb01370b0af445a3570e49f9
652,Nevins,Squirrel,nsquirreli3@rakuten.co.jp,Male,84,74.38,282.33,208,6253ca267d99ba510da19204abb42796cd4b1b8456a0cd39b93a6fc8c6b3e667,75333ef5bc175f1a0fa905168093383d31a7770c0a89b1b9072f3183399b6d73
653,Giulia,Mathewes,gmathewesi4@bbc.co.uk,Agender,55,79.25,217.1,262,6253ca267d99ba510da19204abb42796cd4b1b8456a0cd39b93a6fc8c6b3e667,a968b0865164205cf5ff6872e70f3635f557081f62189496c70865686f62e63e
654,Travers,Playden,tplaydeni5@redcross.org,Male,13,134.51,235.4,180,6253ca267d99ba510da19204abb42796cd4b1b8456a0cd39b93a6fc8c6b3e667,7f631f28080edddb9c7a99a7072c95c6ce12409eb502fecd4d9552da2f57727b
655,Madlin,Powling,mpowlingi6@dropbox.com,Genderfluid,74,96.96,62.8,252,6253ca267d99ba510da19204abb42796cd4b1b8456a0cd39b93a6fc8c6b3e667,62ae5f71f4bbef05eb4a08c9410d6da5a5ad644f6ae763a4976e4e57c9f0b6a8
656,Nathanial,Noad,nnoadi7@usnews.com,Male,28,129.7,141.51,81,6253ca267d99ba510da19204abb42796cd4b1b8456a0cd39b93a6fc8c6b3e667,f0bb4e7575645480e80d04d28c802be8ed590f9f2463bb0f9a85e5d43e52a4d3
657,Rebeca,Spering,rsperingi8@mlb.com,Female,49,107.72,263.93,237,6253ca267d99ba510da19204abb42796cd4b1b8456a0cd39b93a6fc8c6b3e667,1a34b7e167627b02fb01ba73ed8b0829ecd057767bcbd22338d42f33f8afa4d2
658,Cleon,Kubicka,ckubickai9@whitehouse.gov,Male,49,124.21,88.58,244,6253ca267d99ba510da19204abb42796cd4b1b8456a0cd39b93a6fc8c6b3e667,9804a2076a7ec3e234a88a04d0aff4a220c3f480f462fe9bd0d3029836ae2f0d
659,Hanny,Sofe,hsofeia@hud.gov,Female,15,116.75,76.84,271,6253ca267d99ba510da19204abb42796cd4b1b8456a0cd39b93a6fc8c6b3e667,e2d79b292d10aaca1c7a918147e74ad515a5fe9740ccb4fa30388a3132d78a12
660,Iolanthe,McGurn,imcgurnib@artisteer.com,Female,28,86.31,142.44,161,6253ca267d99ba510da19204abb42796cd4b1b8456a0cd39b93a6fc8c6b3e667,992d9e42583b348aba068b89487cf594b65ce8b63f9b1bf1e75d46d87601287e
661,Renard,Mabbot,rmabbotic@hao123.com,Male,75,52.05,115.85,282,6253ca267d99ba510da19204abb42796cd4b1b8456a0cd39b93a6fc8c6b3e667,11b109ef7e97ce9764db451a029ab19b156204c95fd222f5fe293dd64f18a02d
662,Eran,Battabee,ebattabeeid@ihg.com,Polygender,65,110.92,272.78,289,6253ca267d99ba510da19204abb42796cd4b1b8456a0cd39b93a6fc8c6b3e667,d3eb05bc6178bb89c2b5cde100722eaadb545da1852ffe5d99f0604cf9f81fd7
663,Cybill,Vinall,cvinallie@pen.io,Female,30,135.96,216.74,59,6253ca267d99ba510da19204abb42796cd4b1b8456a0cd39b93a6fc8c6b3e667,14fc260549dc7185f02740069fcbbd7a0356a595ca97cb435014be81d853586c
664,Renee,Bapty,rbaptyif@dell.com,Female,40,51.27,114.69,128,6253ca267d99ba510da19204abb42796cd4b1b8456a0cd39b93a6fc8c6b3e667,0367930aa42fd1ab608dfc2c781acdbd2168cd9478e3b8f7f70eaf8c84a5d39b
665,Bruno,Screas,bscreasig@miibeian.gov.cn,Male,63,137.88,90.5,10,6253ca267d99ba510da19204abb42796cd4b1b8456a0cd39b93a6fc8c6b3e667,66166045d87966a00c96273deca76dc40aecb4f40a398adc271b542e757e6fa8
666,Terrill,MacMeeking,tmacmeekingih@state.tx.us,Agender,48,123.42,211.82,75,6253ca267d99ba510da19204abb42796cd4b1b8456a0cd39b93a6fc8c6b3e667,f5b37d3e1a60b5e43284076fa81cdaa25d4752b16090a4598e53bc1fefcc8e76
667,Aldus,Geraldez,ageraldezii@diigo.com,Male,64,74.27,186.7,68,6253ca267d99ba510da19204abb42796cd4b1b8456a0cd39b93a6fc8c6b3e667,dc4eb132eab87df06ad325c360c296d0656325ed183a5bcac1909e0768da74f6
668,Giffie,Horley,ghorleyij@posterous.com,Genderqueer,84,88.7,268.48,70,6253ca267d99ba510da19204abb42796cd4b1b8456a0cd39b93a6fc8c6b3e667,51d01594274adcb4509922d6f73ecf3ae5a98be39fd6e287e477194d2f63d64b
669,Jen,Autry,jautryik@mit.edu,Female,25,56.85,117.07,230,6253ca267d99ba510da19204abb42796cd4b1b8456a0cd39b93a6fc8c6b3e667,6142452edc87a8740cace2ab4583e447568f58980abcb1af6759308bcc3ae4e0
670,Juliane,Jonah,jjonahil@microsoft.com,Genderfluid,22,86.16,179.45,9,6253ca267d99ba510da19204abb42796cd4b1b8456a0cd39b93a6fc8c6b3e667,0dcb9bd7dc1238f6df4cd18ddef1014e9b29c7d968ba29d7d01f17c544558a90
671,Rickie,Bouttell,rbouttellim@t.co,Male,37,102.14,130.27,79,6253ca267d99ba510da19204abb42796cd4b1b8456a0cd39b93a6fc8c6b3e667,8e591e8e52d62347c4ff4b603ee65aa914b4ac5d03afc92c97329e05c31f3f92
672,Margaretta,Rodway,mrodwayin@marketwatch.com,Female,37,113.97,268.07,140,6253ca267d99ba510da19204abb42796cd4b1b8456a0cd39b93a6fc8c6b3e667,b40cbd217787d468682f6402e43b63d5e1d160b4b1407d0fb9f29549b622db29
673,Felita,Merwood,fmerwoodio@hibu.com,Female,52,50.33,176.41,185,6253ca267d99ba510da19204abb42796cd4b1b8456a0cd39b93a6fc8c6b3e667,b74f51d21ed8858003403c1e921811193dcfc6ef5000d94b771cc9197296e254
674,Engracia,Bettles,ebettlesip@kickstarter.com,Female,62,85.68,204.9,216,6253ca267d99ba510da19204abb42796cd4b1b8456a0cd39b93a6fc8c6b3e667,9a68f8ef7835fd83e2e55be6e963799cc3aebf90531868c277f931f514d49e67
675,Devin,Webbe,dwebbeiq@earthlink.net,Male,82,64.58,104.21,223,6253ca267d99ba510da19204abb42796cd4b1b8456a0cd39b93a6fc8c6b3e667,a92dcc4ccfbfc6f501b3993ddd525d06f4061738cade6dd6219e776881397702
676,Arabelle,Dumbleton,adumbletonir@163.com,Female,57,124.67,271.69,17,6253ca267d99ba510da19204abb42796cd4b1b8456a0cd39b93a6fc8c6b3e667,723664476674716369638e23374cd95eafd3ee3c186ff9699077680ffc3b1398
677,Sigismundo,Rosenshine,srosenshineis@toplist.cz,Male,27,114.02,283.73,77,6253ca267d99ba510da19204abb42796cd4b1b8456a0cd39b93a6fc8c6b3e667,00b2ddf0b4254962f27585cbbafb911c23039e4e5f07b75331882f9181a087e8
678,Kelbee,Coverley,kcoverleyit@reference.com,Male,18,68.76,251.2,76,6253ca267d99ba510da19204abb42796cd4b1b8456a0cd39b93a6fc8c6b3e667,f891ccd4cc70403f908cbe1db0c9801296f6cb09cae28280b48cab3a0a4c17eb
679,Hardy,Novik,hnovikiu@bloomberg.com,Male,76,67.57,266.52,69,6253ca267d99ba510da19204abb42796cd4b1b8456a0cd39b93a6fc8c6b3e667,91f5442952b11b95ebffaa76b69b716d3fff7756e60955534950f2dc945ff7b6
680,Alwyn,Waddell,awaddelliv@guardian.co.uk,Male,55,61.69,242.28,128,6253ca267d99ba510da19204abb42796cd4b1b8456a0cd39b93a6fc8c6b3e667,6923dbbb8e8eb0717c33a5717923316509da86a309eee9dd08fc99e23807d443
681,Daryl,Saffen,dsaffeniw@businesswire.com,Genderqueer,73,110.5,87.79,276,6253ca267d99ba510da19204abb42796cd4b1b8456a0cd39b93a6fc8c6b3e667,d3e7abacb122d7183e6e6e4cdac4aa4f366891754f06faddb8b08e2c04ecb59f
682,Blondy,Clutterham,bclutterhamix@ameblo.jp,Female,74,80.22,181.44,85,6253ca267d99ba510da19204abb42796cd4b1b8456a0cd39b93a6fc8c6b3e667,e9b22c9f99facac98968a23d6acd1559990785f46e0f9c6ca9e87db278ecb487
683,Eddie,Skellion,eskellioniy@hibu.com,Female,13,67.45,169.08,162,6253ca267d99ba510da19204abb42796cd4b1b8456a0cd39b93a6fc8c6b3e667,2b1f93dc2b3187644d5b4ceb577540d12f56b3ad79d43a4845047f891de8e971
684,Mariquilla,Ollivierre,mollivierreiz@utexas.edu,Female,29,121.08,201.52,5,6253ca267d99ba510da19204abb42796cd4b1b8456a0cd39b93a6fc8c6b3e667,0b1ab40f9ece22173c9c3a776bb98451f8644784c08d3987b16867776fcd9a98
685,Gearard,Krook,gkrookj0@gmpg.org,Male,85,105.51,246.33,116,6253ca267d99ba510da19204abb42796cd4b1b8456a0cd39b93a6fc8c6b3e667,327b645b2fdee3011e7af1bef8103d0575bc99abb66fd94a16aafe27725d6434
686,Jeannette,Teasdale-Markie,jteasdalemarkiej1@upenn.edu,Genderfluid,70,106.23,131.26,235,6253ca267d99ba510da19204abb42796cd4b1b8456a0cd39b93a6fc8c6b3e667,5d95962598fd766888b4a4f1eb5efd2154252928b3cf297084b865cea7326d5d
687,Bevvy,De Blasi,bdeblasij2@elegantthemes.com,Female,22,68.54,204.27,94,6253ca267d99ba510da19204abb42796cd4b1b8456a0cd39b93a6fc8c6b3e667,51a835335f246a70903e2f4aa5d2606b8021fb5bf09a3b6bfa8843958b111a47
688,Oswald,Benjefield,obenjefieldj3@bizjournals.com,Male,66,84.46,277.87,234,6253ca267d99ba510da19204abb42796cd4b1b8456a0cd39b93a6fc8c6b3e667,f35713b2c63b1c25fb2dfa7bb8889b85faebc808c4a63433818c3fc2040ef921
689,Pat,Gardiner,pgardinerj4@yahoo.com,Male,20,104.5,270.15,50,6253ca267d99ba510da19204abb42796cd4b1b8456a0cd39b93a6fc8c6b3e667,365adc5962cbadef82a295987b918d02388d10550bbf73d046cc2c1d3c9f8c5e
690,Elane,Salter,esalterj5@a8.net,Agender,83,107.86,175.33,47,6253ca267d99ba510da19204abb42796cd4b1b8456a0cd39b93a6fc8c6b3e667,078f2941456650a6143a65611c21ba2f916a325610583096efd783956923c804
691,Truman,Caudwell,tcaudwellj6@tripadvisor.com,Male,83,102.4,177.17,199,6253ca267d99ba510da19204abb42796cd4b1b8456a0cd39b93a6fc8c6b3e667,5ca714f61c709e3ed7365f83bcc694abbcf99ccae823b46255209cbf34bc2230
692,Cora,Baiss,cbaissj7@java.com,Female,20,115.02,68.28,196,6253ca267d99ba510da19204abb42796cd4b1b8456a0cd39b93a6fc8c6b3e667,18d8bb132e58ac5b7f147dea5f3a1a278aba9f95ac0f2b6ba904e4ebb2ac1516
693,Jaine,Dalziell,jdalziellj8@businessinsider.com,Genderqueer,59,146.07,166.99,21,6253ca267d99ba510da19204abb42796cd4b1b8456a0cd39b93a6fc8c6b3e667,456ef85d9f51cb1cc834e1c670c7a6f5f63be13c982ba964911e7c004f3f1b96
694,Vanda,Delmonti,vdelmontij9@wsj.com,Female,76,139.06,188.58,104,6253ca267d99ba510da19204abb42796cd4b1b8456a0cd39b93a6fc8c6b3e667,4b993eb0758a797b698ce782732fca1b69299be975b2f9f943189051268d514b
695,Felisha,Cockerell,fcockerellja@qq.com,Female,47,143.14,98.99,298,6253ca267d99ba510da19204abb42796cd4b1b8456a0cd39b93a6fc8c6b3e667,ced673a93484eff478fcf17f95046934ac03305c8f284146f05d4a74368efd1d
696,Ernie,Ackerley,eackerleyjb@guardian.co.uk,Male,28,137.89,265.47,73,6253ca267d99ba510da19204abb42796cd4b1b8456a0cd39b93a6fc8c6b3e667,6ba136729b808aae2f57fa04cb47968f7bfe1b99b49aa86998b571a795c7ff1e
697,Lacie,Beirne,lbeirnejc@theatlantic.com,Female,38,144.36,232.05,80,6253ca267d99ba510da19204abb42796cd4b1b8456a0cd39b93a6fc8c6b3e667,994175e175637556b4b9179d0811f0706e822189471a0b37fa57dba5edd46f11
698,Ryley,Frudd,rfruddjd@answers.com,Male,76,98.76,284.16,243,6253ca267d99ba510da19204abb42796cd4b1b8456a0cd39b93a6fc8c6b3e667,44619e173597d720ea5ef8d72eb869e05475fead1a84915dfdfb4a4f9e42334e
699,Westleigh,Kubik,wkubikje@cam.ac.uk,Male,75,100.57,69.68,207,6253ca267d99ba510da19204abb42796cd4b1b8456a0cd39b93a6fc8c6b3e667,99162500a0a8ff43f2a24df4de3c744f4220d2af1b7977f0b5f1d7898c86020b
700,Lethia,Meacher,lmeacherjf@slate.com,Female,29,77.7,134.1,133,6253ca267d99ba510da19204abb42796cd4b1b8456a0cd39b93a6fc8c6b3e667,5b7906dcc78509e55f792d46c535c33d6743a2918a4b9aa41cff6775919f880e
701,Albrecht,Blues,abluesjg@drupal.org,Male,56,128.77,164.9,4,6253ca267d99ba510da19204abb42796cd4b1b8456a0cd39b93a6fc8c6b3e667,c21d40fa57c081c5240b7d6f9aeab936cdc32131b907a9a26f8168bd460e85fb
702,Reynold,Greville,rgrevillejh@smh.com.au,Male,61,138.37,202.19,64,6253ca267d99ba510da19204abb42796cd4b1b8456a0cd39b93a6fc8c6b3e667,d3f8e7a46aa660fc2def78dee26eab45ffcc50a5f37ab79f827387b935605762
703,Meyer,Fritche,mfritcheji@hc360.com,Male,6,108.28,274.09,11,6253ca267d99ba510da19204abb42796cd4b1b8456a0cd39b93a6fc8c6b3e667,ec54e761d383e9c5a4c33109841134e9f0744537a5189b734e22868ed1720853
704,Betteann,Vidloc,bvidlocjj@theatlantic.com,Female,32,78.33,56.93,140,6253ca267d99ba510da19204abb42796cd4b1b8456a0cd39b93a6fc8c6b3e667,a903fedeb5b0a4cab6e2fd40161b6982b0e727e4f17d785f1239ce56d345a3b9
705,Dilly,Lyal,dlyaljk@unicef.org,Male,49,132.08,218.87,177,6253ca267d99ba510da19204abb42796cd4b1b8456a0cd39b93a6fc8c6b3e667,e910de0907c2c3851402835fe95c087617bdac3d258f71b3e1a3acb87938616f
706,Kendall,Bezley,kbezleyjl@yale.edu,Male,13,113.42,154.67,47,6253ca267d99ba510da19204abb42796cd4b1b8456a0cd39b93a6fc8c6b3e667,c001994d38c20f581200144e9c039b842b5f6b34385d8a4a940de35e7d5ec5da
707,Orelie,Marzele,omarzelejm@dagondesign.com,Female,82,92.49,59.73,289,6253ca267d99ba510da19204abb42796cd4b1b8456a0cd39b93a6fc8c6b3e667,8f421f2f0adfa54cf81948e87bebfc78603d403ee97a2a959e9c4f3229bdb4ef
708,Skipper,Orred,sorredjn@icq.com,Male,37,143.62,109.76,274,6253ca267d99ba510da19204abb42796cd4b1b8456a0cd39b93a6fc8c6b3e667,ae9199bd5bc723e62063649f73a4b40ad601debc94bc849d31f5cb6f05c30209
709,Allie,Lougheid,alougheidjo@rambler.ru,Male,90,121.57,74.06,256,6253ca267d99ba510da19204abb42796cd4b1b8456a0cd39b93a6fc8c6b3e667,8fffec65ea8f772814aee75e860e3ce5852d0513c4d113bbfdc507caf2ff3c3c
710,Ring,Chastang,rchastangjp@patch.com,Male,64,93.85,271.31,277,6253ca267d99ba510da19204abb42796cd4b1b8456a0cd39b93a6fc8c6b3e667,04c36f8a8cc8a17f596505156d1b07f90282fef0d28876b595f77c760f178e5c
711,Nissa,Gerrans,ngerransjq@photobucket.com,Genderfluid,21,85.06,208.29,166,6253ca267d99ba510da19204abb42796cd4b1b8456a0cd39b93a6fc8c6b3e667,97ccb68a080b2771336512b149d44f2623e11dffee0b6365310b3291c18a1ddf
712,Scott,Curry,scurryjr@1688.com,Non-binary,35,125.97,289.42,212,6253ca267d99ba510da19204abb42796cd4b1b8456a0cd39b93a6fc8c6b3e667,50b7fdb7ae230341bff3b702214775c9000ba4fb859e0f7146655d1d2255ad3a
713,Oates,Kean,okeanjs@forbes.com,Male,31,110.66,128.16,91,6253ca267d99ba510da19204abb42796cd4b1b8456a0cd39b93a6fc8c6b3e667,d571e34b49aa06815ce3749e14c7916d3d6dfdf97c3f9dcd25143654f810a7fe
714,Kelly,Grebbin,kgrebbinjt@illinois.edu,Male,81,149.92,224.09,121,6253ca267d99ba510da19204abb42796cd4b1b8456a0cd39b93a6fc8c6b3e667,8dbd5a74b033b552426b68616caab7c8ce7e5ba1f3d7dd57ccbe32bdce80ae95
715,Katti,Bowen,kbowenju@nydailynews.com,Agender,55,66.15,205.02,273,6253ca267d99ba510da19204abb42796cd4b1b8456a0cd39b93a6fc8c6b3e667,b7035982070504fc414ce80be2e66fe7f58b12e489e6b1d517a44977eb638fd2
716,Sampson,Minghetti,sminghettijv@oracle.com,Male,6,123.0,275.19,110,6253ca267d99ba510da19204abb42796cd4b1b8456a0cd39b93a6fc8c6b3e667,c9b54464473e4b15661410e9144e78ebdd59e1330803dca8241dbdcb1ee6aa65
717,Kippie,Kohrsen,kkohrsenjw@baidu.com,Female,16,61.83,171.03,75,6253ca267d99ba510da19204abb42796cd4b1b8456a0cd39b93a6fc8c6b3e667,0ebecc372e321376f6ad436d7e68e933724f0d5659df04eabb1c38c17cecd9b2
718,Rhona,Mathison,rmathisonjx@indiegogo.com,Female,16,107.41,85.54,280,6253ca267d99ba510da19204abb42796cd4b1b8456a0cd39b93a6fc8c6b3e667,6f479d844d6daab5ce726b90ab2e9f16c6d382afa1d8a5a184eafcc7a01d6db0
719,Melosa,Assandri,massandrijy@squarespace.com,Non-binary,38,118.31,145.42,122,6253ca267d99ba510da19204abb42796cd4b1b8456a0cd39b93a6fc8c6b3e667,6e403c39058b77f20948a385a63979022a9fcc33594d3517bf07a3eb8b2bea24
720,Peta,Roswarn,proswarnjz@creativecommons.org,Female,53,120.07,102.28,15,6253ca267d99ba510da19204abb42796cd4b1b8456a0cd39b93a6fc8c6b3e667,af319e3800e9622c77899ccb3954bb74a6b446fbf3e268bc3f4912d3e7b37d7d
721,Dahlia,Loffill,dloffillk0@example.com,Female,17,131.47,268.47,204,6253ca267d99ba510da19204abb42796cd4b1b8456a0cd39b93a6fc8c6b3e667,a70903822400d898baa15b890a6e107015e11cea605186a20dc0302a8e6f7f8e
722,Godard,Jewel,gjewelk1@gizmodo.com,Male,15,56.92,260.39,246,6253ca267d99ba510da19204abb42796cd4b1b8456a0cd39b93a6fc8c6b3e667,36e5d3e5f7d6789e196796d342111c381965e0e04aff1126873212f23f9e718d
723,Nikolaus,Povlsen,npovlsenk2@goo.gl,Male,23,50.51,249.21,127,6253ca267d99ba510da19204abb42796cd4b1b8456a0cd39b93a6fc8c6b3e667,932f72dc95b2b75c877b048793d82e98042e35ab7ebe4833ae4d0f13c6966852
724,Nalani,Crowson,ncrowsonk3@topsy.com,Female,55,88.21,130.32,150,6253ca267d99ba510da19204abb42796cd4b1b8456a0cd39b93a6fc8c6b3e667,e55dbe1d1183f9c6954e623330a4097524cac99a26e846fa03fed49f3d905d4f
725,Trudey,Ianizzi,tianizzik4@oaic.gov.au,Female,22,124.29,114.09,65,6253ca267d99ba510da19204abb42796cd4b1b8456a0cd39b93a6fc8c6b3e667,daa1a02c697a6a5a516bea19c48fe0b392a32092f217d8eedb181928bc8625c1
726,Aidan,Highton,ahightonk5@surveymonkey.com,Female,43,119.43,183.77,34,6253ca267d99ba510da19204abb42796cd4b1b8456a0cd39b93a6fc8c6b3e667,52416c63b628d3a45c3cd23e0cb3ed588b97ea5ac96197b2819dda3f4aa95e33
727,Ellery,Chamberlaine,echamberlainek6@cbslocal.com,Male,20,71.16,196.37,79,6253ca267d99ba510da19204abb42796cd4b1b8456a0cd39b93a6fc8c6b3e667,52d40864cc81e590bea00609d17ed5e3f0eb7b4410a16a89973614785e928587
728,Alf,Lesley,alesleyk7@joomla.org,Male,26,74.16,276.29,260,6253ca267d99ba510da19204abb42796cd4b1b8456a0cd39b93a6fc8c6b3e667,e7dd0a8985ead819fdd62b542b105598ab29eeed1d0227891de7feae52518fd0
729,Skyler,Jamieson,sjamiesonk8@themeforest.net,Male,71,106.71,82.05,105,6253ca267d99ba510da19204abb42796cd4b1b8456a0cd39b93a6fc8c6b3e667,8d1d9a82de3c070c8e4a291bbd1dd39ef14f21ded77b5227427628b045495021
730,Germana,Battin,gbattink9@imageshack.us,Female,33,88.32,202.08,250,6253ca267d99ba510da19204abb42796cd4b1b8456a0cd39b93a6fc8c6b3e667,050e2a82fa9096e7e71b99007d23845378e5ca0dbd96f4f373ea9fcc2c1ebe3f
731,Donn,Atack,datackka@ox.ac.uk,Male,73,64.82,166.65,273,6253ca267d99ba510da19204abb42796cd4b1b8456a0cd39b93a6fc8c6b3e667,50b937b044781d67aa9e883ecc6d81cba9413ab947468c0ee426173a3dbbe760
732,Annette,Poolton,apooltonkb@who.int,Female,41,62.34,240.64,19,6253ca267d99ba510da19204abb42796cd4b1b8456a0cd39b93a6fc8c6b3e667,f7cca72a9fb755a1ea7c3b2d9a066507a362a4f9a6b1c53efa367cb89f7a3e20
733,Jamesy,Bennellick,jbennellickkc@livejournal.com,Male,4,61.8,162.61,42,6253ca267d99ba510da19204abb42796cd4b1b8456a0cd39b93a6fc8c6b3e667,45c46fd63f58728820d646c7869d1f1badf518e0d6b85cf6cfbcfe1ad472578b
734,Kellia,Caesman,kcaesmankd@symantec.com,Female,50,130.71,58.07,63,6253ca267d99ba510da19204abb42796cd4b1b8456a0cd39b93a6fc8c6b3e667,be629bdcaffa78f629ccd0f87d37a8be3d4f2ab761356937b55569ed135856df
735,Portia,Smittoune,psmittouneke@google.com.hk,Female,72,100.28,279.16,28,6253ca267d99ba510da19204abb42796cd4b1b8456a0cd39b93a6fc8c6b3e667,00ea7f5bd847193c52574df2a3d32347efa9ffd2d4627c416f169464901c06c2
736,Twila,Bradtke,tbradtkekf@unc.edu,Female,88,142.44,203.23,56,6253ca267d99ba510da19204abb42796cd4b1b8456a0cd39b93a6fc8c6b3e667,a44f4789975eb64859058bf262ed8c1eebcf8b31482f9c3f89be9c5a39861fd3
737,Neall,Sillett,nsillettkg@amazon.com,Genderqueer,54,63.58,69.61,199,6253ca267d99ba510da19204abb42796cd4b1b8456a0cd39b93a6fc8c6b3e667,a7c9be927312fe2f18c2144544c5a2d0b93f0d654338562cb2ec10d600c971ca
738,Lizette,Doddrell,ldoddrellkh@army.mil,Female,67,108.49,159.99,294,6253ca267d99ba510da19204abb42796cd4b1b8456a0cd39b93a6fc8c6b3e667,b8d22ec343be4a308bfa27ed8d8f09127aed4fb8e8c3220a027c666f186b56f6
739,Jeana,Ham,jhamki@wikimedia.org,Female,34,53.9,293.17,300,6253ca267d99ba510da19204abb42796cd4b1b8456a0cd39b93a6fc8c6b3e667,b1cee2ea29adf380574e9fe93e2813a670f9b6fb0a0f230f7aca691707271489
740,Lorrin,Valdes,lvaldeskj@blog.com,Female,3,95.3,75.29,241,6253ca267d99ba510da19204abb42796cd4b1b8456a0cd39b93a6fc8c6b3e667,3550a163a358aec69af9f82118a927f2b4c87cc845007dfe747abb2bb40f7349
741,Aloysia,Ruse,arusekk@who.int,Female,58,102.56,79.57,51,6253ca267d99ba510da19204abb42796cd4b1b8456a0cd39b93a6fc8c6b3e667,32dc6dad7f6e4d220f723dc402f86cc9129f6985f876a06b8c7c52a214d6ee98
742,Amble,Zoren,azorenkl@fda.gov,Male,31,88.32,106.48,91,6253ca267d99ba510da19204abb42796cd4b1b8456a0cd39b93a6fc8c6b3e667,b004016b5e8c05ac93a6cc3bfa151de0d2178635201876ef1861b88e6a738f02
743,Lorinda,Jouannin,ljouanninkm@prlog.org,Female,68,66.27,291.22,106,6253ca267d99ba510da19204abb42796cd4b1b8456a0cd39b93a6fc8c6b3e667,9bcb680f33d607f6ea40aaebc1735bb53a2ae67ac3e9a862ad006f1e3734ad98
744,Ogdon,Ilyinykh,oilyinykhkn@phoca.cz,Male,79,57.08,83.13,160,6253ca267d99ba510da19204abb42796cd4b1b8456a0cd39b93a6fc8c6b3e667,18ef9e1d4691b771a468caa1dbb87a7db3a35be3dff4cdf6eb3371bcd61709cf
745,Rowena,Corson,rcorsonko@shareasale.com,Female,16,137.19,251.61,154,6253ca267d99ba510da19204abb42796cd4b1b8456a0cd39b93a6fc8c6b3e667,102ae873c41f58fb3c678d7b805f1449851e17d11a500c4906f3099dd120f9c3
746,Dorelle,Dalgleish,ddalgleishkp@nydailynews.com,Genderfluid,64,51.19,93.02,265,6253ca267d99ba510da19204abb42796cd4b1b8456a0cd39b93a6fc8c6b3e667,51e18478cf2453f418ff1f495c2cd5283b51f907babc76e21c61ced7a4dc2f87
747,Jaimie,Howroyd,jhowroydkq@gnu.org,Male,16,76.24,235.95,152,6253ca267d99ba510da19204abb42796cd4b1b8456a0cd39b93a6fc8c6b3e667,2e3148b53c96dedb49ae6cd7c46983a42b4ca68d63637f3861aeb067e43a4fbc
748,Amargo,Parlot,aparlotkr@rakuten.co.jp,Female,60,86.44,231.08,194,6253ca267d99ba510da19204abb42796cd4b1b8456a0cd39b93a6fc8c6b3e667,9fb450bfec22edaf2f6d78e34e6c59dda718aa6adca304a916bbdcee7f5ac043
749,Casi,Rivel,crivelks@usnews.com,Female,53,117.99,123.31,250,6253ca267d99ba510da19204abb42796cd4b1b8456a0cd39b93a6fc8c6b3e667,8b45431f4ef9e9780f9392a86474eab102387afdb1dfb2bf74c882bb4bd1e8a7
750,Zitella,Camier,zcamierkt@elegantthemes.com,Female,14,73.93,121.52,162,6253ca267d99ba510da19204abb42796cd4b1b8456a0cd39b93a6fc8c6b3e667,cccedf4793f1497f62b14be51ebd863de8c57d9a686476d9dd1792183a13766d
751,Chaunce,Mundell,cmundellku@wix.com,Male,47,142.76,61.8,228,6253ca267d99ba510da19204abb42796cd4b1b8456a0cd39b93a6fc8c6b3e667,86c1f1ce300b0ff0e7ba0b08d0480cabba5e0b5d1b221d0dd37a4f22f08c7c9d
752,Manny,Autie,mautiekv@ucsd.edu,Male,18,96.29,124.27,74,6253ca267d99ba510da19204abb42796cd4b1b8456a0cd39b93a6fc8c6b3e667,8c47f4467bf4664f6c2ed29c87856f0d0b59a33716c43b3afde87c556c3da5ed
753,Marven,Nerheny,mnerhenykw@psu.edu,Male,73,107.78,132.82,153,6253ca267d99ba510da19204abb42796cd4b1b8456a0cd39b93a6fc8c6b3e667,d4c838e17577c8b024f6f014f3b9eabdbf59b8bbef92a7d8d7a9393974200324
